,0,1
0,,
1,EUS,6.365384159606678
2,MYB,6.345698315283172
3,STP,6.3376657542366805
4,PAD,6.350751467377142
5,EAL,6.4823233077250375
6,BFR,6.3347252846019035
7,CTK,6.334696455927989
8,CST,6.344985956373718
9,CHX,6.34401438692472
10,LBG,6.333787675962635
11,WAE,6.344257279286969
12,VIC,6.344733844770993
13,VXH,6.3496126992160695
14,WAT,6.34533254509062
15,MOG,6.345957525822715
16,KGX,5.116382798526594
17,LST,6.3425827746903485
18,FST,6.345957525822715
19,HOH,5.9007425217621705
20,WHD,5.451748678451593
21,SRU,5.38346320316295
22,NWX,5.616606376445037
23,NXG,5.614500438974045
24,WIM,5.530774184919839
25,FPK,6.15365931969294
26,TOM,5.514252518835619
27,SRA,5.587090865451092
28,BKG,5.574555568893632
29,RMD,5.525226887621272
30,GFD,5.626433075190678
31,RIC,5.294412853594865
32,UPM,5.606427736436785
33,CET,-1.812675012058486
34,COL,-1.8126689568566678
35,CFB,5.614663518832958
36,CTF,5.6148934143981455
37,EBT,5.695755279476129
38,EBR,5.697441037608251
39,FNB,5.752344288699377
40,FNN,5.749952748812209
41,PNE,5.660722814058287
42,PNW,5.67891823028973
43,ENC,5.5307420559997675
44,ENF,5.559256544779145
45,WHP,5.447433003507905
46,POT,-0.006160717803845099
47,PFM,-0.044437875429634885
48,TNN,-0.19419041080911825
49,TNS,-0.19419041080911825
50,AER,3.7450715328224016
51,LTR,4.013173857902959
52,ECP,4.663839721325812
53,RDG,5.582188495787928
54,RDW,5.582188495787928
55,HLC,1.8280453116185416
56,HLU,1.8280453116185416
57,BSJ,4.797279904205337
58,BDM,4.816717193957377
59,SOV,-2.528202642876259
60,SOC,-2.521395945091667
61,HFN,6.742795309827673
62,HFE,6.74584277489609
63,GBL,0.9253741503635753
64,GNB,0.9253741503635753
65,DKT,6.219341223024363
66,DKG,6.186484183122753
67,DPD,6.219341223024363
68,BSW,4.987425448008882
69,BHM,4.985594041981661
70,BMO,4.987425448008882
71,BDI,2.7158029020355463
72,BDQ,2.7158029020355463
73,CBW,4.669543543914153
74,CBE,4.672991402944736
75,DCH,5.904628047787164
76,DCW,5.9016916631439065
77,FKG,1.0834578403477193
78,FKK,1.0805833794144832
79,FKW,5.637547530535843
80,FKC,5.637547530535843
81,GLC,-3.1544115785347335
82,GLQ,-3.1683798844034126
83,MRF,3.695285425280285
84,LVC,3.695285425280285
85,LVJ,3.695285425280285
86,LIV,3.9102393029390474
87,MDE,5.649738225954484
88,MDW,5.646575853512763
89,MDB,5.646575853512763
90,DGT,3.237280149379237
91,MCO,3.2345198246036473
92,MAN,3.203395993600397
93,MCV,3.234188881415561
94,PMS,5.819618960398196
95,PMH,5.819618960398196
96,NCT,-1.034931308271215
97,NNG,-1.049709629944149
98,TYL,-3.4649222542476035
99,UTY,-3.4649222542476035
100,WKK,0.33859936762753384
101,WKF,0.38101499025967234
102,WBQ,3.368422626180228
103,WAC,3.264439131217309
104,WGN,3.2638993190004264
105,WGW,3.2656997594570467
106,WOS,5.18462997747911
107,WOF,5.18462997747911
108,ECR,5.659034528832475
109,WCY,5.623514947432212
110,ZAW,6.349206349206354
111,AMR,5.625857845881312
112,CFO,5.626387081561549
113,ZCM,5.62540852124308
114,CLW,5.294489010917065
115,ZCO,5.292393708188789
116,ZFD,5.909052032306049
117,ZGF,6.150793650793653
118,ZHI,6.349206349206354
119,ZMP,6.084808589156417
120,ZNH,
121,ZND,
122,ZNS,
123,ZPI,
124,ZSV,6.276171345295775
125,ZSR,6.349206349206354
126,ZTT,6.280119183344995
127,ZWT,5.292393708188789
128,ZWR,6.349206349206354
129,ZHJ,6.390489173732583
130,OLD,6.362056959973314
131,QPW,5.0746044414759
132,KTN,5.458756791458981
133,KPA,5.233855623572735
134,BRX,5.5853664696309515
135,EPH,5.585315095147797
136,HHY,5.576169568354908
137,BAL,5.658003264959889
138,SVS,5.507504779020678
139,WEH,5.552376597052651
140,ARM,-2.9796090109450106
141,BKR,-2.9796090109450106
142,CAC,-2.9796090109450106
143,RGP,5.518916167194398
144,BSC,4.977352212407426
145,AST,4.9893094297695875
146,TAB,4.973504380123536
147,WTT,4.9928670528214685
148,CAO,5.014525974668249
149,LAW,5.015651202179244
150,BWN,5.014549064073848
151,HGG,5.569171182692684
152,HOX,5.569171182692684
153,SDC,5.558291712957006
154,COV,4.586586567796702
155,HIA,4.959748701682928
156,MGN,4.967160845662728
157,THL,4.587910072153669
158,ADD,4.99124321120374
159,ROE,5.604115559990047
160,DUD,4.9906237920372485
161,ERD,4.9854154692988
162,FOK,4.980415716139438
163,SCF,4.961383077066916
164,SUT,4.985764990751348
165,BKW,4.591023143377477
166,WNE,3.301246811207777
167,LBK,4.158300471260375
168,NMP,4.156409714287479
169,ATH,2.2379352047313708
170,NUN,2.243760272745245
171,PSW,3.288164973064293
172,SDE,5.575948250109863
173,SQE,5.604745595277365
174,RGL,3.471437173487168
175,WPE,5.575948250109863
176,RUG,3.208162345013347
177,AVP,5.413119306968069
178,BTG,5.010263895316647
179,JEQ,4.9913641857732
180,SLY,4.9864522012214785
181,KNN,4.984269104560953
182,LOB,4.985782246316706
183,NFD,4.989031865369583
184,BRV,4.984703388355803
185,SGB,4.990117522175001
186,WTO,4.976585363687682
187,PRY,4.9904374447614135
188,CNL,4.588704485463077
189,CRD,4.983018917828497
190,GVH,4.987060516233372
191,LEH,4.959267035861389
192,RGT,5.003708186496588
193,WYL,4.981315864872778
194,BLX,5.01477123473637
195,CSY,4.7332437074289935
196,HSD,4.987261796045221
197,HNF,5.007228284204183
198,SAD,4.976060177815909
199,SMR,4.988445463838247
200,TIP,4.980064291949849
201,BEH,4.585657698881051
202,BKT,4.978525872318981
203,LIC,3.303223127637573
204,SEN,3.299593507440768
205,BUL,4.9796831840717815
206,PKG,3.344690609641568
207,ALV,5.01091410144305
208,RDC,5.011104239709101
209,DDP,4.9893555718291625
210,BHI,4.957414149132858
211,WSL,4.985307242958932
212,WVH,4.73737487538705
213,GTR,3.263040278964531
214,HCH,3.2634827266070885
215,ASG,3.542182950518739
216,CNG,3.4925848459727993
217,KDG,3.5421951047917197
218,CRE,3.513178946034973
219,NAN,3.257457878691558
220,SDB,3.261323948859493
221,STA,3.463288406481626
222,BRT,3.431117123507312
223,BYB,4.764367203155505
224,LTV,3.3048106090789413
225,LPT,3.430519635225339
226,LGN,3.4311778048546238
227,SOT,3.576151886939398
228,SNE,3.4327370359136724
229,TAM,3.3029647091701375
230,UTT,4.81477745167126
231,PRS,3.224660021431637
232,WEM,3.2242369927015333
233,WTC,3.22394422795102
234,WRE,3.2249742807308697
235,YRT,3.223562203999907
236,WED,3.4302212824846063
237,BLY,4.124050662163799
238,WOL,4.1230394795639125
239,CED,4.679460097645738
240,LBZ,4.388575788805925
241,FEN,4.121974030822746
242,MKC,4.123011007086918
243,APG,4.125072317240052
244,BWB,4.124653253666867
245,KMH,4.819609230849349
246,SWR,4.818959998990978
247,BKM,4.875925738388899
248,HML,4.87992903863968
249,KGL,4.8435279514783
250,TRI,4.681190252916152
251,BSH,4.850336386624827
252,HRW,5.349225749191525
253,HTE,5.3052281239955645
254,KNT,5.377311906857383
255,WFJ,4.850106748704523
256,WFN,4.83786954558181
257,ACC,5.109225644826739
258,GPO,5.46718311802809
259,HDH,5.46754082423716
260,KBN,5.079750104909086
261,NWB,5.3770184380868855
262,WMB,5.320635671928963
263,DLK,5.577803773248314
264,APS,4.876408929885842
265,HDL,5.348639986368865
266,BSY,5.077270630055669
267,BSP,5.078630362409189
268,CIR,5.466896081965501
269,CMD,5.46721834880318
270,CNN,5.578281895734181
271,CPK,4.869717604582242
272,DLJ,5.569171182692684
273,FNY,5.46753813557273
274,KNL,5.080053665585242
275,KNR,5.078534488595973
276,KTW,5.46721834880318
277,SOH,5.08039084024447
278,SAT,5.10946179213452
279,SOK,5.37742599176775
280,SBP,5.0669555081782685
281,WFH,4.849228439201167
282,WIJ,5.083376623267294
283,GMN,5.62337416940726
284,WND,5.4123468958643555
285,SKM,5.409998770793365
286,NLT,5.40576354319094
287,SUD,5.383304018685596
288,SDH,5.38359415582489
289,AYS,5.40792411731239
290,WCX,5.384118044959025
291,CRI,5.449101228222992
292,HDN,5.066515909157682
293,HEN,5.448660563264892
294,UHL,5.465222278816253
295,MIL,5.582332981115881
296,FLT,3.951637109419485
297,HLN,3.9380347001534655
298,LEA,3.664138585384417
299,LUT,3.645846378546614
300,MLB,4.819794518551403
301,RID,4.125473439255948
302,WOB,4.125731335199015
303,ELS,5.514250348720181
304,HPD,3.6088109444207626
305,RDT,3.4142803843427667
306,SAC,3.4261343240452455
307,GSN,4.842492521345761
308,BWO,4.9356537776119
309,PKT,4.9334880765061
310,SAA,4.929387289104652
311,HWW,4.932443941469018
312,LID,4.81997739705551
313,MAT,5.4129852991768725
314,MTB,5.413604165880517
315,WTS,5.41139150721926
316,SHB,0.7747626193286961
317,ATB,5.646831461502012
318,BEE,5.643297574833881
319,KVD,2.0410272669271667
320,BUT,5.339218977571291
321,ZCW,5.604190569599413
322,PYE,4.746730495576248
323,AMB,5.416894308609311
324,BLP,5.73038660459509
325,PEA,5.728853392673753
326,DFI,5.729597260689761
327,SPO,5.7294170785055885
328,MFT,5.6017061049188985
329,MSW,5.60107586073099
330,HOZ,2.0772785015878736
331,LGM,5.39304408644665
332,BNW,3.626536454328939
333,BOT,3.6265818428547196
334,TUT,4.815018644006312
335,ALF,5.397833210385785
336,CMF,5.4119390814174535
337,DBY,5.730088809250628
338,NOT,5.652301835162415
339,LGE,5.730760733425567
340,COR,5.4245157602893865
341,MMO,2.995594800085027
342,KET,5.426924450237677
343,SPK,5.603159906936835
344,HKN,5.603805045412068
345,NSD,5.603034429262035
346,BLW,5.644908562271618
347,KKB,5.601992599103986
348,HNK,0.9911610070696003
349,LAG,0.7733702790354927
350,CWD,0.7779695850839842
351,NBR,3.9275663439032322
352,LBO,4.114455909972667
353,SYS,3.929482001508561
354,EMD,4.119138239156784
355,SIL,4.116829315571392
356,BWS,4.117352202514409
357,OKM,2.960746056342113
358,WIL,5.72916785287465
359,MHR,4.851602124983584
360,WEL,5.3390054129098345
361,LEI,3.9287757139791175
362,SWS,3.928424269948535
363,ASK,2.013416471058512
364,BIF,2.0173624776008166
365,DLT,2.015271002754363
366,KBF,2.020036895094823
367,ROO,2.016403249902628
368,ARN,2.206878667521971
369,CAK,2.1365369393991975
370,GOS,2.134148436904327
371,KBK,2.138033344282256
372,SVR,2.2086127212557667
373,BUD,2.0589507672694225
374,KEN,2.058546139413619
375,SVL,2.1029192008574
376,WDM,2.1013905936790325
377,MRY,2.4466312489886857
378,BOC,2.018721529732613
379,DRI,2.3118028998005538
380,GNR,2.0183243234719215
381,MLM,2.018178282668505
382,RAV,2.3106691186527684
383,SIC,2.0202456943487053
384,SBS,2.4480470829241563
385,SSC,2.31122882273446
386,SEL,2.309031598912708
387,ULV,2.0143534532216973
388,FLM,2.44904785312142
389,HRR,2.447072982813261
390,PRN,2.4436172473179867
391,WKG,2.4465725866663104
392,BYS,2.31364197571922
393,FOX,2.01916793774429
394,NRT,2.3121906339431977
395,WTH,2.448405653468236
396,CKL,2.4503975665500057
397,APP,5.628803164205744
398,BTP,-2.4662964618967522
399,AWT,1.6615104404299519
400,KSW,5.626783033833915
401,LGW,1.6589566141850223
402,LZB,1.6597387077982477
403,DLS,1.532416027138202
404,EBA,2.025654134628166
405,OXN,2.066936617507841
406,ASP,2.447043602937696
407,WGT,1.53141263332254
408,PNR,1.3719222487966725
409,DNT,5.7314458521064235
410,GSD,5.729052926826806
411,HIR,5.728692632604755
412,RHD,5.730452786568294
413,SET,5.731259560370446
414,CAR,1.6556153642274642
415,ELP,3.2928818089124876
416,INE,3.2894281261593785
417,BLN,3.623932141769032
418,KIR,3.6245808286470105
419,AIN,3.6209506914985674
420,FAZ,3.6249850722347303
421,ERA,3.2948975773752047
422,RIL,3.626074026274504
423,WLO,3.6268645955379695
424,BID,3.5264621088455064
425,HSW,4.828326244159935
426,NES,4.821408626578474
427,UPT,4.859628899604957
428,BKN,3.5276094388286694
429,HWB,4.815467864584122
430,HSB,4.80094000092434
431,MRT,3.529538272621293
432,NBN,3.5286495907545996
433,WLG,3.5387617672083684
434,MAG,3.6213647036152925
435,LTT,3.2924192979408806
436,OVE,3.2924895634088323
437,MLD,4.8095072931043
438,SNT,3.2889125079567036
439,HUY,3.631664683189651
440,WHN,3.3289624631123362
441,EDG,3.649394369287243
442,MSH,3.639611206887428
443,CPU,4.810668404880564
444,BAC,4.809947730264082
445,BEB,3.2966139561322403
446,RFY,3.5263227569190208
447,BOM,3.299368556995548
448,BMR,3.2996810747331136
449,HOO,3.2947895518165495
450,HYK,3.5299947746268803
451,PSL,3.2989296584639254
452,SPI,3.2980610333756943
453,WKI,3.5269588941380614
454,AUG,3.329652474770596
455,BKC,3.527239008020915
456,GNL,3.523872300556596
457,BKQ,3.5282084689341846
458,BKP,3.5334288383169454
459,BYN,3.272871751024711
460,CSG,3.6288499619735624
461,ECL,3.312505746845538
462,HLR,3.6252747895775106
463,HTF,3.515507192514061
464,HIL,3.3100227098471864
465,HNX,3.6258131340192654
466,INC,3.2641428177882643
467,LSW,3.5295968807491005
468,BAH,3.627914059684605
469,BGE,3.630110662543295
470,KKD,3.6247252302820594
471,OPK,3.623139078999566
472,STM,3.6263628523394504
473,SDL,3.6266302714782075
474,SFL,3.624332754837646
475,WAO,3.615711433896504
476,MNR,3.5289395103863366
477,MEO,3.5300147578741066
478,AIG,3.6266176771153193
479,NLW,3.42205046094253
480,ORN,3.620595389371476
481,ORR,3.2720654342809707
482,ROB,3.6307678113864523
483,SOP,3.327801282140452
484,THH,3.310797599229845
485,WLV,3.5425807671337464
486,WSA,3.6390243235466944
487,WSF,3.5114202044578424
488,BCB,3.271216716129841
489,BCJ,3.3626450833358743
490,OMS,3.328380269762866
491,TWN,3.3245597329741945
492,FRD,3.257249810743002
493,ACB,3.381846361836073
494,RUN,3.7142120920453503
495,ERL,3.415519207509267
496,RUE,3.2537161939268198
497,HED,3.6370406289841863
498,RNH,3.312926455296789
499,GLZ,3.2674286948357945
500,HGN,3.6338051593473613
501,BWD,3.2687658036272413
502,CUD,3.438625308891324
503,DLM,3.438441828022858
504,LTG,3.438735889971375
505,PLM,3.437081967655119
506,CSO,2.026412072777829
507,RUF,2.022731004040993
508,GBK,3.438593521910734
509,NWI,3.43814777551582
510,GSW,3.3097134126694083
511,PSC,3.3149754140095467
512,LEG,3.3121702273491653
513,SHJ,3.30975098201496
514,SNH,3.3155063866292203
515,ANS,3.311172196883311
516,BES,3.2866524952646605
517,BDL,3.3091865079189056
518,FBY,3.3092874047356715
519,FRE,3.3085180079469696
520,HTO,3.621551730300867
521,MEC,3.307100234059552
522,NLN,3.3018550709684917
523,UPL,3.2722827921125415
524,PDG,3.2680087887421827
525,SNK,3.2686203592622527
526,WID,3.2648693960279256
527,APB,3.249204819824733
528,GST,3.26251681658953
529,HIN,3.256828866385177
530,HSC,3.267203437783505
531,PBL,3.2703916378649764
532,PEM,3.2759357753437977
533,RNF,3.2858572428765407
534,CTR,4.938332471692393
535,BER,4.474816626544355
536,BCK,4.81374392938151
537,CYB,4.7943677844784345
538,HWD,4.815156105050354
539,HPE,4.793534904601009
540,PNF,4.813904388902952
541,BOR,4.8579743719980755
542,HHD,4.873190748781306
543,TYC,4.85889659379918
544,VAL,4.868901065230366
545,RMB,4.851546342910382
546,AGL,4.852927816371538
547,BYC,4.845004480002965
548,BFF,4.8518523626313375
549,CWB,4.835888752130965
550,DWD,4.852834084962788
551,GCW,4.834726956226415
552,NLR,4.845828884197444
553,LWR,4.84600231158246
554,PYP,4.850345567110356
555,RHL,4.854748109562253
556,TLC,4.8348840327414475
557,LPG,4.858171678246284
558,BNG,4.857737428635433
559,DGY,4.833318604677818
560,LLD,4.835049007668849
561,LLJ,4.832846570707145
562,CNW,4.834123577450369
563,LLF,4.836592607048874
564,PMW,4.834949236766875
565,FLN,4.822235221319358
566,PRT,4.8536443422873505
567,CGW,4.794765349260403
568,DLG,4.834911927844873
569,RHO,4.868932957563407
570,SHT,4.814615715490718
571,BYM,4.463223190793018
572,BNC,4.462055541770195
573,ACR,2.091240635912268
574,BRF,4.462657605117924
575,CTW,2.089024842904662
576,HPN,4.464259931883718
577,HCT,4.46471862220051
578,BMB,2.00979076590038
579,CNE,4.464989840178613
580,NEL,4.464232852423744
581,HID,3.5043073134898735
582,CYT,2.069599760460393
583,CLH,1.9774581427379356
584,DWN,2.0897733746292793
585,RIS,2.089135427951216
586,ATN,3.2584710603732434
587,HGF,3.2647589581051193
588,LOT,3.5025701872855155
589,BON,3.5128188083658034
590,BNT,3.523344913370913
591,HTY,3.510705018124869
592,KSL,3.513042709836548
593,MSS,3.5132991925254053
594,WKD,3.100554344766775
595,WHG,3.5011231219582504
596,CNF,2.2128706781645096
597,ADL,2.0141674896326136
598,CPY,5.764544044158924
599,GGV,3.9997122602433284
600,GIG,5.769898937724469
601,HLD,5.728486575069128
602,LPR,5.730710355415469
603,SMB,5.605307299825052
604,LTL,5.607335150841736
605,AFV,2.009033700411075
606,WDN,2.9906361959296386
607,SQU,2.010023362593388
608,KKM,2.007790008909943
609,LAY,1.9890289208436092
610,LTM,2.0074999380354748
611,PFY,1.986249708666154
612,SAS,2.0059250602551764
613,SLW,2.0238071386313212
614,MOS,2.008740809749732
615,BEN,2.3112415370559845
616,TOD,2.991471062714557
617,WNN,2.3149216018858723
618,LAN,2.18742669555141
619,LOH,2.011933682756804
620,BAR,2.178794713131918
621,HHB,2.176733883804895
622,MCM,2.176735206617199
623,BMC,3.50295776290331
624,LEY,2.0267474103035616
625,RSG,4.463664309202011
626,SKI,3.9958767567337508
627,BLK,3.5049849320042386
628,RGW,2.0690973710976137
629,LHO,1.978062442704218
630,WHE,1.9778328724106122
631,BBN,2.0688626326102755
632,BPB,2.0076942729221736
633,BPN,1.9848566309785542
634,BPS,2.0089700276124756
635,BUB,4.462674921015306
636,CRL,2.026739751273307
637,ENT,2.0871552783336598
638,MLH,2.0700083494139974
639,PLS,2.011814770548085
640,PRE,2.0510753671427255
641,ALD,3.5047614335707213
642,CEF,3.4991806196909327
643,CEL,3.5032724908273485
644,DSL,3.2225315228384526
645,DVH,3.4994796211400416
646,HTH,3.4890318282119774
647,HAZ,3.230238605458309
648,NMN,3.494401545807008
649,DVN,3.235205519717828
650,SPT,3.257170708005936
651,WBR,3.499318582052306
652,WSR,3.2341457877795117
653,WML,3.506936751765502
654,DSY,3.2654339044222227
655,BDY,3.523522996134088
656,FRF,3.105650287968075
657,BLV,3.105167194278123
658,FLF,3.510616274299138
659,NWN,3.5095830576202443
660,AHN,5.645174877103004
661,SLD,3.0990053919788743
662,CLI,3.097434972732926
663,SFD,3.098758680910237
664,MSD,3.1012357437954026
665,SNN,3.101960288304455
666,ALT,3.503466648520122
667,FNW,3.5126219987964706
668,IRL,3.2685266728205224
669,BAM,5.0352283416289465
670,CLY,5.033352420207784
671,EDL,5.035177163614504
672,GRN,5.035205946083043
673,HSG,5.035051492404378
674,HOP,5.034675042331757
675,HYC,3.522292158755134
676,MPL,3.5242798707146
677,RML,3.523106570967638
678,SRN,3.513508279577746
679,WLY,3.523011271504491
680,HAL,3.491511305365779
681,KNF,3.5050080394432586
682,MOB,3.4581835422649907
683,ASY,3.456873601547689
684,DTN,3.110357949159104
685,RDS,3.110172237212466
686,HDG,3.104843520134918
687,HTC,3.231932291066511
688,LVM,3.1025615754445393
689,MAU,3.1017939624116373
690,SYA,3.50180466110719
691,CHU,3.231193879782929
692,MAC,3.4921295318612477
693,RSH,3.5242159379041724
694,PYT,3.2287560571837814
695,PRB,3.4932572278043073
696,BDB,3.510870955904491
697,DTG,3.501085113381923
698,GLO,3.5002145383552468
699,HDF,3.500191628787807
700,GNF,5.632187858998414
701,MSL,5.641376896589151
702,PAT,3.103884446178873
703,CAS,5.615356238427674
704,MIH,5.617225444577992
705,RCD,5.606305533301629
706,FLI,3.1047787348155995
707,HUP,3.099569964186271
708,URM,3.103931344984474
709,ADC,3.492093256025601
710,NVR,3.504933857718813
711,ABY,3.107609306731335
712,BML,3.22486356912202
713,BNA,3.1011050498047315
714,BUX,3.5004557791833557
715,CSR,3.105897729930008
716,GDL,3.50970910612931
717,EDY,3.104710180323115
718,ECC,3.0987960068699154
719,FNV,3.4992215765777006
720,GTY,3.106574427846101
721,GUI,3.1090950344206827
722,HYT,3.522077651646448
723,ADK,3.0972916825059316
724,MIA,3.100350598486062
725,GTO,3.1061462081999327
726,TRA,3.1004985464043795
727,MDL,3.224103102307441
728,MSO,5.615888823289555
729,NMC,3.563871001805439
730,RRB,3.104164012587778
731,RDN,3.1003214144719005
732,SYB,5.660477972197996
733,AML,5.618375607484927
734,AUW,4.739893865370775
735,CBY,4.737615096934887
736,CME,4.73926982368579
737,HND,4.738839908707734
738,KGM,4.739171026382834
739,SIP,4.7390765552854335
740,FIN,4.738955307619419
741,BNE,5.883597066081948
742,COO,5.853044942934815
743,MLW,5.879281015224266
744,DID,5.472404286102163
745,CHO,5.469719726389794
746,GOR,5.496189476930503
747,PAN,5.500755498802798
748,BCF,5.217357814478657
749,BCS,5.160581105097156
750,GER,5.215816960071227
751,DNM,5.223612384745169
752,HDM,5.403037160206496
753,HWY,5.613641752583374
754,PRR,5.413345133805518
755,SDR,5.405991776441667
756,WRU,5.410933040869603
757,DGC,5.234123321056123
758,SRG,5.221479398024733
759,PEW,5.867347559133925
760,LTK,5.4083802804054555
761,MRS,5.406972530298139
762,BDW,6.1500866455773515
763,NRC,6.169239149031332
764,HGD,6.150641416665428
765,KIT,6.147015593611944
766,NBY,6.121170732711713
767,HXX,7.5217760673310305
768,HAF,7.5217760673310305
769,HWV,7.5217760673310305
770,CBP,5.625355303695399
771,DRG,5.625266205255904
772,BIT,5.127944297273481
773,CUM,5.102204422650832
774,APF,5.100502235799412
775,ISP,5.126594560950209
776,OXF,5.11994575821591
777,RAD,5.107301944105444
778,OXP,5.1275697241297
779,SGN,5.62543067162086
780,FZP,5.847112189100827
781,AMT,6.084858494750509
782,HOT,5.876259592070811
783,MAI,5.829040754638269
784,SHI,5.8476183358637615
785,TAP,5.869866292628343
786,THA,6.148726921339926
787,THE,6.109129920501081
788,TLH,5.643944518161218
789,TWY,5.868280481939737
790,WGV,5.846583628511264
791,MDG,6.089089360511859
792,IVR,5.643357814084373
793,LNY,5.631710118316607
794,SLO,5.581239170441906
795,WDT,5.686001144193976
796,WNC,5.646260518220219
797,BNM,5.619917209637287
798,HAY,5.683310970966965
799,STL,5.6591556802638605
800,WEA,5.634899585500587
801,HAN,5.618289112650222
802,HYD,4.812629801561606
803,TAC,4.810068574557598
804,AVN,5.380181679457556
805,CFN,5.381867053598436
806,MTP,5.381369910424921
807,SVB,5.379334295267398
808,SHH,5.380750009424128
809,PWY,5.334429147387892
810,PIL,5.337080893343105
811,OLF,5.423871179522549
812,LWH,5.313474083948653
813,BPW,5.424802014478222
814,BRI,5.3445541063687925
815,FIT,5.333872716809541
816,KYN,5.338484267839106
817,CDU,5.1742164553198995
818,BMT,5.342756548492804
819,PSN,5.341260629900455
820,RDA,5.381517380787715
821,SRD,5.313499371072658
822,SAR,5.380218245419472
823,SML,5.380941456960231
824,AVF,5.496880711911469
825,CPM,5.469979374635668
826,BTH,5.446440565901589
827,HIG,5.289904724745045
828,KEM,5.154190453116313
829,SWI,5.457638072401448
830,BOA,5.497003815520115
831,FFD,5.497664506001329
832,MKM,5.444170935304868
833,TRO,5.497671837055736
834,YAE,5.366053533287735
835,WNM,5.454206525918473
836,NLS,5.499575182478645
837,WOR,5.4542458144909025
838,WSM,5.453973689424505
839,YAT,5.501405479752889
840,DWL,5.162566645970684
841,DWW,5.164036236663988
842,EXD,3.715014459041118
843,SCS,5.161960438651733
844,EXT,3.7615026790362003
845,POL,3.8017824577079176
846,NTA,5.11750014109032
847,PGN,5.063597928468434
848,TGM,5.1070823111313315
849,TRR,5.0709427919804675
850,TQY,5.065406145943095
851,BWT,5.290908520249435
852,TAU,5.223594221225439
853,TVP,5.1755747376231644
854,LTS,5.73182801229388
855,PNM,5.739456717713406
856,BOD,5.7951542457321645
857,BGL,5.772769259401412
858,CBN,5.732488834452931
859,FAL,5.739928459403085
860,HYL,5.732278483709649
861,LOS,5.803766093611341
862,LUX,5.77385919889577
863,NQY,5.773234275684918
864,PAR,5.829973408073373
865,PYN,5.741395032418827
866,PNZ,5.691137023325682
867,PRW,5.789938384583004
868,RED,5.729899967661535
869,QUI,5.773731880734584
870,ROC,5.7724548072746344
871,SAU,5.827218575230783
872,SCR,5.77314801822997
873,SER,5.731121318640841
874,SIV,5.732156034659621
875,LEL,5.732226056341424
876,TRU,5.746221434460627
877,CBB,5.732061630141361
878,BAS,5.838374027442658
879,BFE,5.839234428480254
880,IVY,5.71367836856356
881,TOT,5.179168948864873
882,CSK,5.838343167454234
883,GSL,5.838211048026816
884,CAU,5.744541070477393
885,COE,5.745038124865315
886,KEY,5.750163294359642
887,SKN,5.74364885514591
888,LSK,5.810519922110393
889,LOO,5.747088039281103
890,MEN,5.808895130418646
891,DPT,5.750990267956762
892,PLY,5.668281134471394
893,SDP,5.746330016486843
894,SGM,5.749890505324243
895,STS,5.74990381453397
896,DOC,5.750990267956762
897,SBF,5.752130906925578
898,FMT,5.74052408517201
899,SBV,5.749870517609572
900,AGV,5.1927560139494595
901,HFD,5.157895728578508
902,LEO,6.013184107358929
903,BRW,3.6327644651041546
904,CNP,3.53158555178114
905,EBB,4.746489756186969
906,CRV,5.736679219974022
907,LUD,6.011965444032778
908,LTN,3.609917413789006
909,LUA,9.662943851220556
910,NWP,4.911242903458775
911,STJ,4.8056714086595695
912,CDT,4.801813134997974
913,CWM,5.187822996015248
914,PPL,5.187626610806233
915,CPW,4.778042844187928
916,EKB,0.8551591786558522
917,CIM,6.256394643624828
918,EBK,4.699134902961017
919,WNG,4.7611359450526844
920,DCT,4.76206818445487
921,ACY,4.672518681107045
922,BRY,4.695313498278223
923,BYD,4.696034430082579
924,BYI,4.695823122484751
925,BGN,4.640983824918987
926,CAD,4.696034430082579
927,CPH,4.663023190017018
928,ABE,4.66416586174187
929,CDB,4.895411166291678
930,TGS,4.75943227754519
931,YNW,4.6696736458681976
932,CYS,4.898864415017717
933,CGN,4.70286386056976
934,DNS,4.696034430082579
935,GTN,4.696027720514909
936,LLN,4.7611359450526844
937,HHL,4.7628586227964735
938,LLS,4.770097914724898
939,PYC,4.645006051508797
940,PCD,4.639137817574193
941,LLY,4.6696736458681976
942,LVT,4.769503612106005
943,MER,4.672702516011933
944,MEV,4.672468223456152
945,MTA,4.672468223456151
946,DGL,4.700791181632233
947,FER,4.672468223456151
948,PEN,4.701512113436592
949,POR,4.673239061107496
950,YSR,4.6696736458681976
951,FRW,4.76206818445487
952,RDR,4.76206818445487
953,RIA,4.6541774114410535
954,TAF,4.767703571641085
955,TNP,4.6696736458681976
956,TRE,4.673239061107496
957,TRF,4.674170586970146
958,TRH,4.674170586970146
959,TRB,4.669462500005997
960,TRY,4.6696736458681976
961,NNP,4.69706222402349
962,WHT,4.759388255128975
963,TPN,4.6696736458681976
964,CDF,4.875938507176233
965,CDQ,4.8943864232780125
966,DMG,4.668742120005547
967,PPD,4.674827984671172
968,COY,4.759176947531146
969,RHI,4.75943227754519
970,BCG,4.756298658376897
971,HLL,4.758025403877958
972,PTB,4.672468223456152
973,GMG,4.5129451558819875
974,MEW,4.512752917055951
975,MST,4.509304118494961
976,WMI,4.6431946465996115
977,CMH,4.672468223456151
978,ABA,4.672702516011932
979,PER,4.6715366975935
980,QYD,4.6715366975935
981,BGD,4.664519244282257
982,BHD,4.664519244282257
983,LNB,4.664186027351789
984,PGM,4.662910473031368
985,GFF,4.663925396544816
986,PLT,4.664519244282257
987,TIR,4.664519244282257
988,YSM,4.664564075548352
989,RHY,4.664308098420055
990,HNG,4.663974881489589
991,LLV,5.998221648650516
992,LLG,5.999189866888147
993,LNR,6.000158242607849
994,FFA,5.999138749067019
995,CMN,2.9961003835449773
996,CLR,4.415982277619267
997,CUW,4.415672602479807
998,FYS,4.517939548016672
999,FGH,4.420698195983126
1000,HVF,4.416833566888524
1001,JOH,4.415613709778564
1002,KGT,4.413031714428773
1003,LAM,4.4126563612612655
1004,MRB,4.413153811911189
1005,MFH,4.415571058790026
1006,NAR,4.38732155117625
1007,PMB,4.4130126842345
1008,PMD,4.412900578843097
1009,SDF,4.413190393238591
1010,TEN,4.412621690920176
1011,WTL,4.345394046869345
1012,BYE,5.189179327366807
1013,PNA,4.4122534828242985
1014,GWN,4.577129400340362
1015,KWL,4.531136737455769
1016,LLE,4.5875924711835845
1017,LLH,5.190336481961862
1018,PBY,4.575939721134528
1019,CYN,6.000015123500297
1020,GTH,6.2599004278703045
1021,SUG,6.003037614230002
1022,LLM,5.999038823662573
1023,LNW,5.999521221102764
1024,BME,5.738351518689535
1025,PTA,4.625910739511245
1026,BUK,5.73824747620321
1027,PYL,4.650911828379299
1028,BAJ,4.613515807866567
1029,BNF,4.613634680417682
1030,DOL,6.259569197300397
1031,HPT,5.738297544079682
1032,KNI,5.73841985176545
1033,LGO,6.25802745056676
1034,NTH,4.588359688991641
1035,SKE,4.590319061865765
1036,BOW,2.370659075985696
1037,SWA,4.587162543823986
1038,LAS,4.593569088581252
1039,LLT,6.25843260416235
1040,LLO,6.256494189103078
1041,KNU,5.737197869390396
1042,AMF,5.190506780012195
1043,LLI,5.187940344652984
1044,LLL,5.999567667124065
1045,PTF,5.189771263953173
1046,PTD,5.19052901325891
1047,PNY,6.258640226666098
1048,SRR,4.509520665129647
1049,TDU,4.509314523792678
1050,TRD,4.672468223456151
1051,GWE,4.794892022043372
1052,AYW,2.2352692794847546
1053,BRH,2.476899782738877
1054,CCC,2.7371205552933513
1055,PTM,2.736443859062737
1056,PWL,2.738633973101653
1057,BHR,6.259277117912703
1058,LLA,2.4893670342834704
1059,LLC,2.7339094961352486
1060,PHG,2.1465611761190146
1061,TLB,2.462741300249996
1062,LBR,2.5866577123338534
1063,TYG,2.7277505448504664
1064,CTT,5.739706510181431
1065,SHR,4.571364817956618
1066,PNC,2.8164657095443895
1067,CWS,3.220507629964165
1068,FRB,2.483705365159373
1069,LLW,2.4008455365026404
1070,MCN,2.7590211700514393
1071,NWT,3.266839177437813
1072,TNF,2.238974996181776
1073,TYW,2.225940465676615
1074,WLP,3.567824273059838
1075,AVY,2.144832359466152
1076,DVY,2.5912298427876608
1077,ABH,2.738211042264633
1078,BRM,2.488754326047209
1079,CRK,4.589102475290123
1080,DYF,2.53152568263838
1081,GOB,4.5892654375641415
1082,HRL,2.6050973300509903
1083,LDN,2.6034417205481457
1084,PES,2.5864372808151828
1085,MFF,2.7283852230744583
1086,MFA,2.482525237665577
1087,PRH,2.7351235073980855
1088,RUA,4.795130778621701
1089,TAL,2.7353279052073534
1090,WXC,4.791674348422349
1091,WRX,4.797381148552531
1092,BAN,4.809059968276489
1093,FWY,4.99059016112588
1094,UNI,4.989657321491923
1095,KGS,4.80716590668774
1096,BBS,4.986969335772215
1097,TYS,4.989018795662402
1098,DZY,4.974266420517742
1099,EWD,4.980796620425741
1100,HLG,4.986160863600759
1101,THW,4.990641470949318
1102,HNL,4.975017935008366
1103,DDG,4.9807008912076665
1104,SRL,4.99062678172342
1105,SOL,4.988321752582237
1106,WMR,4.9826183838426354
1107,ACG,4.986450349591021
1108,SMA,4.988229959795954
1109,WYT,4.980100531485513
1110,OLT,4.993083208187509
1111,SRI,4.987116997354748
1112,WDE,4.975580783291684
1113,YRD,4.983699408231155
1114,TLK,4.974239494920861
1115,WTE,4.988430115612381
1116,WWW,4.972031148126039
1117,SAV,4.474839260820586
1118,WMC,4.4700012044336095
1119,BKD,4.952173119933727
1120,HAG,4.953599083427962
1121,HBY,4.95393600820547
1122,KID,4.952482433254383
1123,CLV,4.470081316506834
1124,HTN,4.476259711698853
1125,LPW,4.981468324429714
1126,LMS,4.4752220724055265
1127,WRW,4.47037639648122
1128,ROW,4.98116270022824
1129,LGG,4.987041487167898
1130,ALB,4.728479995294944
1131,CSL,4.729595332561764
1132,COS,4.725777911543613
1133,BBK,4.733863144511098
1134,SFN,4.7295725642933695
1135,CRA,4.961434364865572
1136,LYE,4.960529902094395
1137,OHL,4.980039114113895
1138,SBT,4.95729673337512
1139,SBJ,4.957000856409208
1140,OKN,4.863840777675002
1141,WLN,4.862830597567532
1142,TFC,4.8638109733705255
1143,ASC,5.177638699502371
1144,BMV,5.184251608940219
1145,CNM,5.17557855263981
1146,EVE,5.014837003684283
1147,GCR,5.171890561512572
1148,SHU,5.09729987436912
1149,STD,5.097575938711698
1150,LED,5.0392870073649
1151,SIA,-2.5239909417375634
1152,HYB,5.012669418886629
1153,LMN,4.690619867300252
1154,MIM,5.018130512168652
1155,LYD,4.784032868720419
1156,CWL,5.040286230986119
1157,DTW,5.185526266996518
1158,MVL,5.038012734039845
1159,PSH,5.0147433356390225
1160,GMV,5.037751649205937
1161,ZLW,5.573919980802145
1162,APD,4.730089991618395
1163,AFK,5.6152920507437285
1164,BSR,5.641993473846405
1165,CRT,4.721855666102415
1166,CIL,4.7225055866628605
1167,DEA,5.687189077872041
1168,MAR,5.643152500464307
1169,MSR,5.687126798570878
1170,ORE,4.764879962976617
1171,RAM,5.642202269094555
1172,RYE,4.7655809431885245
1173,SDG,5.6864063395092534
1174,SDW,5.685764231156448
1175,TOK,4.763659875379451
1176,STU,4.727261052697103
1177,WHA,5.687461414840217
1178,WYE,5.660513620743808
1179,DVP,5.6411399801815545
1180,DMP,5.688043921548957
1181,DLH,4.763861748765297
1182,HMT,4.729138923458205
1183,KSN,5.686896590895472
1184,MTM,5.686997007615186
1185,WAM,5.6866335488047355
1186,WSE,4.765756348290549
1187,BKJ,5.657220303053517
1188,CLK,5.6740920867803615
1189,ELE,5.673060001967031
1190,HYS,5.63440336070607
1191,LEW,5.628076764989011
1192,LSY,5.658719227332256
1193,WWI,5.634303350548625
1194,EDN,5.634744302563966
1195,LAD,5.626115668396162
1196,NBC,5.658719227332256
1197,SAJ,5.6243562848804025
1198,BGM,5.615936807404915
1199,BKL,5.64381182366474
1200,BMS,5.643599482796516
1201,EYN,5.638774460612531
1202,HNH,5.600519456746665
1203,NHD,5.595304654315935
1204,MTC,5.646127345130676
1205,OTF,5.655971719921206
1206,SMY,5.65529953907874
1207,SEH,5.657121080438258
1208,SAY,5.646590963643582
1209,BEC,5.653782651133655
1210,CFT,5.6143450226619755
1211,KMS,5.6611671114183535
1212,KTH,5.670670287329261
1213,LGJ,5.585640633710187
1214,RVB,5.655035322422005
1215,SRT,5.659540738154675
1216,SYH,5.641556429237265
1217,WDU,5.599560112981039
1218,BNH,5.618224032391609
1219,BBL,5.655465376070633
1220,BSD,5.700078046302101
1221,BVD,5.643238323008301
1222,BXY,5.617371633210598
1223,BXH,5.642216360567357
1224,BKH,5.625399698213341
1225,BMN,5.68221376761635
1226,CHG,5.666265790955622
1227,CLD,5.703122695560241
1228,CIT,5.7102890875422645
1229,CRY,5.6182629896772625
1230,DFD,5.6169343549696595
1231,DNG,5.6621598837304346
1232,ELW,5.681410144945325
1233,ERH,5.616836427010832
1234,FNR,5.702083081319135
1235,HGR,5.626824437785527
1236,KDB,5.636790153383133
1237,KCK,5.702536902179228
1238,LEE,5.638922704264011
1239,LEN,5.670838290067232
1240,LGF,5.704771912225365
1241,MEP,5.653350765740986
1242,MTG,5.6827432707707155
1243,NEH,5.68256011330705
1244,NFL,5.657684143734719
1245,ORP,5.6928459194226155
1246,PET,5.712752332814155
1247,SEV,5.607164810596751
1248,SID,5.643503228447859
1249,SOR,5.652718276895815
1250,WLI,5.682557293067216
1251,WMA,5.613325444674275
1252,BRG,5.663033510764525
1253,ABW,5.686603911221097
1254,AYP,5.64327473191382
1255,BMG,5.665166950017414
1256,EML,5.662175167603119
1257,ESD,5.682002045178561
1258,FCN,5.68177171290538
1259,GNH,5.665852016088124
1260,GRP,5.681803167972739
1261,HRM,5.670384218508198
1262,HBN,5.696447734922898
1263,CTN,5.627959973186354
1264,DEP,5.620743157922933
1265,GNW,5.622510782362687
1266,MZH,5.625568915739946
1267,WCB,5.625024190316226
1268,WWA,5.683086257137612
1269,WWD,5.638447254983312
1270,SGR,5.614274220369015
1271,SUP,5.682525271837013
1272,SWM,5.656544717658293
1273,ADM,4.729775073102283
1274,AYL,5.713711908855487
1275,BCH,5.69040055121126
1276,FAV,5.612327137676709
1277,GLM,5.614330680311103
1278,GRV,5.605766077343125
1279,HAI,5.716319113303432
1280,HNB,4.676937361999777
1281,NGT,5.661085509097564
1282,QBR,5.663054512072871
1283,RAI,5.6144088941669255
1284,SEG,5.657996182156179
1285,SSS,5.661855446813821
1286,SWO,4.729520203803146
1287,SPH,4.729465027535552
1288,SIT,5.603950738778912
1289,SDA,5.713573551751794
1290,SOO,5.622596593527155
1291,TEY,5.652739074461844
1292,WGA,5.689744833279834
1293,WHI,4.675195756646562
1294,AYH,4.731083354818684
1295,BKS,4.731432524909858
1296,CTM,5.6620919178723765
1297,CSW,4.724214400320883
1298,CUX,5.66816727707874
1299,HGM,5.670188938008793
1300,RTR,5.612384009785948
1301,KML,5.653572360178485
1302,PLU,5.685887414529973
1303,BEX,4.7347171351206745
1304,BAT,5.669511006246113
1305,ETC,5.663599818357059
1306,FRT,5.6759021745337055
1307,HGS,4.764060656923755
1308,HCN,5.657856302545417
1309,MRN,5.665923486229414
1310,PDW,5.608951441312024
1311,PLC,5.652446815894858
1312,RBR,5.6644004487094755
1313,BEG,5.662075643402269
1314,SPU,5.663912177219194
1315,TON,5.613435406013922
1316,TBW,5.624967874641196
1317,WAD,5.6736394494126685
1318,YAL,5.662099650450803
1319,CWU,5.667406408010082
1320,EFL,5.701282530009403
1321,HIB,5.673297440185315
1322,HLB,5.661502836573246
1323,NHE,5.7129489379657095
1324,SLQ,4.761726246903472
1325,SOG,5.666080280005172
1326,WTR,5.657982093317054
1327,WLD,4.7664000693186654
1328,SOJ,-1.480683959754357
1329,SCG,5.662942081228902
1330,SWL,5.652724912891722
1331,AMY,5.644924037778792
1332,ARU,4.712094196349887
1333,BAA,4.715854303404412
1334,BOG,4.716053644238929
1335,BOH,5.227233138212967
1336,CCH,5.224399780789451
1337,EMS,5.894126120186694
1338,FOD,4.717278463717783
1339,LIT,4.715335902028623
1340,FSB,5.228460303717611
1341,NUT,5.896646415028598
1342,SOB,5.897597331013998
1343,WBL,5.897493365887792
1344,ANG,4.7159933619737195
1345,BTN,5.634919214441316
1346,GBS,4.717995880831194
1347,HOV,5.682199840246418
1348,LAC,4.721666775505642
1349,PLD,5.690563935455258
1350,SSE,5.690411471156806
1351,WWO,4.722575971816809
1352,WRH,4.7218813608088945
1353,AGT,5.683487729955131
1354,LRB,5.68341455036673
1355,DUR,4.716588839720562
1356,EWR,4.72436261979042
1357,FSG,5.689567962233833
1358,PRP,5.6342460375806604
1359,SWK,5.689141883536524
1360,HYR,5.586453962222104
1361,SIH,5.647428657323373
1362,MDS,5.647449166354913
1363,SMO,5.621782628273818
1364,WSU,5.627435708993053
1365,LIH,5.660365249164701
1366,CHL,5.893626334024146
1367,GOM,6.208778428293174
1368,CLP,5.594409808094641
1369,HLM,6.226168806758534
1370,HRH,5.68798796918415
1371,OLY,6.223266768568463
1372,MCB,5.681370367586452
1373,WNH,5.688696601675812
1374,CHH,5.686995227019926
1375,BRK,4.730473717914516
1376,BXD,5.711386243554558
1377,COH,5.713915823643218
1378,LWS,5.745171513307112
1379,NVH,4.770184462119749
1380,NVN,4.7700142788100495
1381,PMP,5.709144577188536
1382,SEF,4.767907830886524
1383,UCK,5.710706644604232
1384,CBR,5.710669660498212
1385,FMR,5.677286477175706
1386,GLY,5.743628855534655
1387,SEE,4.769132754422245
1388,WVF,5.709086270873978
1389,AHD,5.681017370096365
1390,BAD,5.607458582191852
1391,BLM,5.626596860622473
1392,CAT,5.660220467792555
1393,CHE,5.629211295462134
1394,CHP,5.660261870423445
1395,CYP,5.63878843314393
1396,EDW,5.5867201237056845
1397,EPS,5.640604334756777
1398,EPD,5.608492107364396
1399,FOH,5.635492910295586
1400,GIP,5.66747754586978
1401,HCB,5.647977695402761
1402,HOR,5.831039295576485
1403,KND,5.660261870423445
1404,LHD,5.658387143228671
1405,LFD,5.695577778488805
1406,WWR,5.595141621986799
1407,NWD,5.679079775647119
1408,OXT,5.707844852302297
1409,PUR,5.675340077515157
1410,SAF,5.833996566713855
1411,CDN,5.6762243293258585
1412,STE,5.671813326556722
1413,SRC,5.6686912465440304
1414,SUO,5.628318694926984
1415,TAD,5.660261870423445
1416,TAT,5.660261870423445
1417,TTH,5.715906531462232
1418,TOO,5.585179758117598
1419,TUH,5.6709082617442865
1420,UWL,5.654393611020838
1421,WDO,5.681632297305298
1422,WLT,5.625578552614495
1423,WSW,5.666938288354301
1424,WHY,5.658847065232264
1425,ANZ,5.679432905036043
1426,AHS,5.697166959240991
1427,BIK,5.6660724258926365
1428,BIP,4.767346993024733
1429,BXW,6.223752972258078
1430,BCY,5.624611496138338
1431,CSH,5.626671193929958
1432,CSB,5.625335345109099
1433,CDS,5.675901771475254
1434,CWN,5.699833502183416
1435,SCY,5.669088281329956
1436,DMS,5.700458092322371
1437,ELD,5.777770199043385
1438,EWE,5.667445512207038
1439,GTW,5.757567911722278
1440,HEV,5.69798568969462
1441,HPA,5.634739592427604
1442,KLY,5.676719847787086
1443,BAK,5.640976557046044
1444,DMK,5.595733552721656
1445,PMR,5.596980154211295
1446,QRP,5.59615814572123
1447,SBM,5.591463671175507
1448,MIJ,5.641848860535774
1449,NRB,5.667970842717017
1450,NDL,5.601705708723719
1451,PUO,5.675379560407842
1452,RHM,5.6762243293258585
1453,RDD,5.675382078066973
1454,SNR,5.674788440503684
1455,SRS,5.716559312344541
1456,SRH,5.665604993766028
1457,SUC,5.6485623696972
1458,SYD,5.638192029244854
1459,WNW,5.66747754586978
1460,WHS,5.659875830992588
1461,WOH,5.669272940772821
1462,WME,5.6762243293258585
1463,EBN,4.76303882261511
1464,HMD,4.765096451355188
1465,PLG,4.728159618115625
1466,CLL,4.7358291822842205
1467,COB,4.736786195781653
1468,ERI,5.698443606483351
1469,NSB,4.7375113505233735
1470,PEV,4.763997098516048
1471,PEB,4.763301664376454
1472,HUR,5.706522911323858
1473,BIG,5.680012646030506
1474,PUL,5.64414861187191
1475,BTO,6.22429081475295
1476,GDN,5.70325540292569
1477,MHM,5.781485771574692
1478,NUF,5.781959867786213
1479,PHR,5.660877073698799
1480,RDH,5.779280558021971
1481,REI,5.778422869903806
1482,BUG,5.709317404870591
1483,CRW,5.729648796206671
1484,EGR,5.695668569212605
1485,HSK,5.673294265932833
1486,HHE,5.710546211515881
1487,TBD,5.6879706694780685
1488,BAB,5.705056359679409
1489,FGT,5.691948303280942
1490,SAB,6.677444767756519
1491,IFI,5.72629336455216
1492,LVN,5.688147572386527
1493,BMY,5.662634559659616
1494,MOR,5.663236019139031
1495,DMH,5.502179385211928
1496,LKE,6.673612748107477
1497,WMN,5.502377613071394
1498,FTN,5.872002017140032
1499,ADV,4.785888680101177
1500,GRT,4.7851854057909655
1501,BSK,5.592019719890336
1502,FLE,5.755346267378153
1503,HOK,5.6493998958533655
1504,SAN,6.675458380499571
1505,OVR,4.748405163715251
1506,WCH,4.7375330101751985
1507,WNF,5.650814442010173
1508,SHN,6.687008526048575
1509,BDN,6.675583418035428
1510,HAV,5.903858505842879
1511,BDH,5.904400038074391
1512,HLS,5.87105238799239
1513,RYP,6.71628527574294
1514,RYD,7.549642966869357
1515,RYR,7.491244149853488
1516,AON,5.880957380416048
1517,FNH,5.845235667083287
1518,AHV,5.8413684743804986
1519,ASN,5.86397229887695
1520,BNS,5.520394196165497
1521,BFD,5.593655599770082
1522,CHY,5.863125805515706
1523,CSS,5.586691922850329
1524,CLA,6.169806525107044
1525,CLG,6.1406169004876165
1526,CSD,6.08060412390164
1527,ESH,6.1348723725299985
1528,FEL,5.9845310813125225
1529,HMP,5.6231345430479625
1530,HMC,5.5491254649549155
1531,HSY,6.168182976583311
1532,HOU,6.053196717574155
1533,KNG,5.6240992360781
1534,EBD,5.6069599916605695
1535,NEM,5.622445968167959
1536,NBT,5.653610406823425
1537,RAY,5.633818318070858
1538,SUR,5.515392930189554
1539,TED,5.6243891241857105
1540,TOL,5.617141288791194
1541,TWI,5.511158484523506
1542,WAL,6.138558955596506
1543,WNT,5.636933986506034
1544,WYB,6.1368326740999315
1545,WCP,5.662165238115575
1546,BNI,5.5200444387461545
1547,BRS,5.579372415923274
1548,CSN,5.586220900956306
1549,CHK,5.546173277681331
1550,EAD,5.579024137204427
1551,EWW,5.658432552714281
1552,FLW,5.624868068854546
1553,GUN,5.589446271248688
1554,HMW,5.623707523074479
1555,HER,6.120800084054335
1556,HYW,6.138981742368048
1557,ISL,5.596122630220554
1558,KWB,5.543628908433771
1559,KWG,5.590603419306115
1560,CLJ,5.632187848599274
1561,QRB,5.6353891546847095
1562,MAL,5.659979331554412
1563,MTL,5.546331890988802
1564,NSH,5.545729254194104
1565,OXS,6.138283641506148
1566,PUT,5.522470802784133
1567,SMG,5.598610222122531
1568,SHP,5.628656486166616
1569,SNL,5.686143200179471
1570,STW,5.6535014335075005
1571,SUU,5.615371812010512
1572,SYL,5.595260417111683
1573,THD,5.547541676589656
1574,WTN,6.055294559769828
1575,WBO,5.582941161616586
1576,UPH,5.606303600445912
1577,AHT,5.84740347405328
1578,BTY,5.8955780120911525
1579,BAW,5.746789715339168
1580,BKA,5.681921384788
1581,CRN,5.746562580790523
1582,GOD,5.914401639371854
1583,GLD,5.87106436980546
1584,LRD,5.891350745389947
1585,HSL,5.891726353049023
1586,LIP,5.8917013336894275
1587,LIS,5.876314047206918
1588,NCM,5.8419735085505575
1589,SFR,5.894836174891015
1590,WAN,5.843174978197369
1591,WTY,5.917461703015106
1592,ASH,5.843944302121436
1593,EFF,6.07290091150916
1594,FNC,5.915829981173164
1595,MLF,5.9203586678967035
1596,MOT,5.6621221184114265
1597,SND,5.747658671269076
1598,PTR,5.875928960678831
1599,RLN,5.904127626498753
1600,SAL,4.645004800102706
1601,ACT,5.651660224339942
1602,AFS,5.877468789611848
1603,DAT,5.957788825948327
1604,EGH,5.856820539492179
1605,SNS,5.8597398108146574
1606,SNG,5.8319687476129385
1607,WNR,5.961425538940785
1608,WRY,5.881151131242055
1609,LNG,5.835823540352526
1610,SNY,5.883453838066929
1611,VIR,5.861215377633095
1612,KMP,5.600571074480567
1613,BAG,5.640536845516245
1614,CAM,5.647632533994728
1615,FML,5.651414398366451
1616,WBY,6.078275108793156
1617,WOK,6.019437984207614
1618,WPL,5.877636089398799
1619,BKO,5.883169588137713
1620,BFN,6.07529465094645
1621,MAO,5.760439659214837
1622,BCE,5.761304706776713
1623,EAR,5.732682659017634
1624,WKM,5.730923385561783
1625,WNS,5.724691498476414
1626,WTI,5.723577730377146
1627,BRU,5.316620816590413
1628,CLC,5.317381751232744
1629,FRO,5.498327600473983
1630,WSB,5.502564862945159
1631,AXM,5.051343114996939
1632,HON,4.974134487636625
1633,BNP,5.228399946233859
1634,SJP,3.79619608432132
1635,DIG,5.256269179774813
1636,CDI,5.215781738258495
1637,EXC,3.759281854358015
1638,EXM,5.238465559896689
1639,PIN,4.93802965997156
1640,TOP,5.253960710733701
1641,WHM,4.974946653816235
1642,EXN,5.227927189938004
1643,LYM,5.246664385644007
1644,LYC,5.24810932150469
1645,OKE,5.24833302098539
1646,GIL,4.502905162415248
1647,TIS,4.551950711264373
1648,FNT,4.975415820681475
1649,CPN,5.230447587729553
1650,COP,5.244510676725872
1651,EGG,5.158054760764468
1652,KGN,5.162024882340411
1653,LAP,5.161597455742218
1654,MRD,5.244150076388572
1655,UMB,5.232208645202662
1656,YEO,5.24265221141173
1657,NTC,5.2162078156913
1658,PMA,5.230077939948563
1659,CKN,4.677674410980783
1660,SHE,4.653301091684438
1661,CFR,5.722723537496813
1662,TMC,4.504257184527353
1663,YVJ,4.638380005895698
1664,CNO,4.690280173444727
1665,THO,4.688605318258652
1666,MDN,4.6912605251798425
1667,YVP,4.690229633207537
1668,YET,4.688371665817889
1669,BSM,5.82946647252207
1670,BMH,5.793827692144568
1671,CHR,5.782259010635324
1672,HNA,5.783855076805361
1673,NWM,5.798138714464869
1674,PKS,5.834062087874142
1675,POO,5.83279435235338
1676,SWY,5.799490584103532
1677,POK,5.782248346412801
1678,BCU,5.799785637989409
1679,LYT,5.798760044983847
1680,BEU,5.766802043092663
1681,LYP,5.79669761864519
1682,HDE,5.889210491352297
1683,BOE,5.890365279374917
1684,CSA,5.872197577661474
1685,ESL,5.719070189895092
1686,FRM,5.888403300508149
1687,ANF,5.766981593563221
1688,MIC,5.703736205166477
1689,MBK,5.765942232145349
1690,NTL,5.720890725740786
1691,RDB,5.768636313392374
1692,SDN,5.764359797598708
1693,SNW,5.888722973869087
1694,TTN,5.76683704103738
1695,SOA,5.7194510987470135
1696,WIN,5.644321082758714
1697,WLS,5.768008152417876
1698,BUO,5.723165412746359
1699,PTC,5.890673613091959
1700,SHW,5.688430208731692
1701,SHO,5.7675025520775485
1702,SOU,5.719836429210945
1703,SWG,5.76432285533668
1704,HAM,5.83429653082315
1705,HOL,5.834662184814211
1706,DEN,5.6994634168319145
1707,ROM,5.700529762960699
1708,DBG,5.699132155251016
1709,BTE,5.767614456742205
1710,HME,5.721928052243087
1711,MTN,5.767409704100403
1712,WRM,5.76665610532353
1713,WOO,5.76673242610445
1714,WEY,5.902215190478894
1715,UPW,5.909630374396415
1716,DYP,5.5663552149403515
1717,EXR,5.56638298961538
1718,BAY,6.724487999969328
1719,CWH,5.545715178299099
1720,CUF,6.749537280586569
1721,HGY,5.569871921062378
1722,HRN,5.5706545122417515
1723,NBA,5.532058867587817
1724,NSG,5.619534139068752
1725,OKL,5.602788990224604
1726,PAL,5.618626815755834
1727,PBR,5.594736007951649
1728,WIH,5.602710380595224
1729,AAP,5.569337802666316
1730,BOP,5.5697304635353015
1731,GDH,5.530764920499668
1732,GPK,5.53050215900901
1733,HAT,6.748093056948228
1734,WMG,5.633534656339175
1735,BPK,5.615046893757712
1736,HDW,5.545333874907604
1737,AWM,7.880056336055996
1738,BDK,7.935094390723102
1739,HIT,7.933341910898015
1740,KBW,7.936066825900952
1741,LET,7.935099126260378
1742,RYS,7.880543833550248
1743,SVG,7.664962778553137
1744,WAS,7.934097384725679
1745,WLW,6.739948329893773
1746,HUN,-2.5946412518031545
1747,SNO,-2.5851450593757654
1748,PBO,0.3898736986769482
1749,SMD,-0.4894881736099139
1750,BIW,-3.231787480414663
1751,ARL,-3.2286702763039328
1752,SDY,-3.2295525576404067
1753,WGC,6.729007124087225
1754,BUJ,5.59081044229622
1755,CTO,5.590057018761471
1756,LOW,5.591130329854599
1757,THU,5.591700573988876
1758,BSB,5.589498935031482
1759,GOX,0.7558465418360655
1760,BAU,0.757034214987971
1761,NHL,0.7562466747664134
1762,TNA,0.755370460890762
1763,ULC,0.7547532829650627
1764,BAV,0.7559554708378836
1765,BSN,0.5711617428321175
1766,HEC,1.7647980745676553
1767,HBB,0.5791307881439596
1768,SWE,0.5782766564299606
1769,ALK,1.764115015611582
1770,BIN,-0.19564290745696045
1771,BTF,1.761503096376305
1772,ELO,1.7622960248607054
1773,NET,5.642148974229434
1774,RDF,-0.197443862165667
1775,HVN,0.42924184496871487
1776,SKG,0.429226473541645
1777,TPC,0.4295465682215409
1778,WFL,0.429012076034514
1779,CLE,0.7809957461764789
1780,GCT,0.7565837035885926
1781,GMD,0.7589257549528837
1782,GMB,0.7811108661810917
1783,HAB,0.7608237649852183
1784,HLI,0.7583523678050786
1785,SLL,0.7578852368227034
1786,NCE,0.7556294989299377
1787,MGM,-0.5778102393440312
1788,HKM,-0.5806080862128689
1789,MKR,-0.5753243158475619
1790,RKT,1.7633391558490437
1791,SXY,-0.25665276150189875
1792,LCN,-0.2668717338751257
1793,CLM,-1.0361551112047422
1794,FSK,5.591807143135558
1795,ROL,-1.0351508549969826
1796,SWD,-1.0375285256133686
1797,ANC,1.7614098049935172
1798,RAU,1.7642004165219511
1799,SLR,1.7505835340970632
1800,SPA,-0.28807765401020696
1801,GBG,0.880186576294877
1802,CBD,1.008137885042227
1803,KIV,6.228389068404338
1804,BTB,0.7622380442816409
1805,DON,-0.41633364388603517
1806,SCU,0.5452479504564203
1807,BGG,0.6121317800393422
1808,KTL,0.6115991759811158
1809,GRA,1.5211726297334605
1810,CNS,-0.18990815033528324
1811,RET,0.42879231733504847
1812,CWE,0.5060910854436026
1813,KKS,-0.18754785702052632
1814,HFS,-0.1884733004765185
1815,ALP,0.5040255786826938
1816,BEP,2.242519168019506
1817,KLF,2.744943181128939
1818,EGY,1.0857066642164344
1819,WWL,0.7779508427394419
1820,BDS,6.349206349206354
1821,TCR,6.349206349206354
1822,CWX,6.349206349206354
1823,CUS,6.349206349206354
1824,WWC,6.349206349206354
1825,KVP,6.2296759762532865
1826,SRO,0.6296698276938764
1827,WRK,0.6306743060968628
1828,MNS,4.231536490653898
1829,WOP,5.1915516596685745
1830,WAW,3.258338345134725
1831,KTR,0.8570740036628542
1832,MRW,5.503813789711873
1833,HRE,1.6026493938874777
1834,CHD,5.704932383331175
1835,DRO,6.224805530258912
1836,PNS,4.295535852766911
1837,MHS,6.210676675887424
1838,CLN,6.218279848245383
1839,ELR,4.298056608829871
1840,RMC,6.217224845533172
1841,FGW,4.4150647762846305
1842,SWN,6.219047975747981
1843,WOM,4.29829618901591
1844,DOR,6.226775144243281
1845,SHF,6.222877885635526
1846,MEX,6.219698879301614
1847,DAN,6.226418207354771
1848,WDH,6.229433281415324
1849,BNY,4.300301924963286
1850,DOD,4.2948599494635165
1851,SLK,4.293024886720132
1852,STY,4.4697159111171665
1853,BIS,3.440815719055395
1854,BTR,-2.4644051302541934
1855,HWM,6.6014139145403625
1856,SAW,2.4084566193464982
1857,BMD,5.555855981968748
1858,BXB,6.5905860525741735
1859,CHN,6.60363579218552
1860,ENL,5.552449055234322
1861,PON,5.5559328873827765
1862,RYH,6.590904414729676
1863,SMT,6.593530422177002
1864,WLC,6.600749651667646
1865,WAR,6.593996792278806
1866,HWN,6.602997506227342
1867,RYN,6.601465837335485
1868,ESM,3.4426318776839917
1869,SST,3.4398957916886044
1870,SSD,4.094505723550097
1871,CHM,-2.687544954152875
1872,CES,-2.465512963133334
1873,KEL,-2.465973213102919
1874,WTM,-2.466923118512082
1875,HAP,-2.4649485921297654
1876,WNY,-2.4662413457227834
1877,ALR,-1.8149969302216695
1878,CLT,-1.8161157979382347
1879,HYH,-1.8159654413646433
1880,FRI,-1.8151509075475376
1881,GRB,-1.8118120115731733
1882,MNG,-1.7119629582926557
1883,TLS,-1.8154891208232087
1884,WON,-1.8159698890950613
1885,WEE,-1.813365591806964
1886,WIV,-1.812750124767912
1887,KBX,-1.8150823603356896
1888,MKT,-1.8139923009594119
1889,HAC,5.56210592035119
1890,ALN,-2.5274788398805295
1891,BLB,-2.532454172190388
1892,BIC,-2.4890056081317016
1893,BRE,-2.5601690140573035
1894,BUU,-2.5288579349375158
1895,CTH,5.595716447262374
1896,NFA,-2.5268039545351755
1897,FOG,5.579784690226124
1898,GDP,5.579159962373886
1899,GMY,5.608455951038798
1900,HRO,5.580060870824675
1901,HOC,-2.52630406740703
1902,IFD,5.607902788700939
1903,INT,-2.5094678585795145
1904,MNP,5.581643409363949
1905,RLG,-2.5237802346928904
1906,RFD,-2.5250901293450965
1907,RMF,5.579286110873076
1908,SNF,-2.5039336226005973
1909,SMN,-2.5296765072028404
1910,WIC,-2.4873266063664343
1911,SOF,-2.5278820443126793
1912,SVK,5.60871976835827
1913,DVC,-1.8540619421980487
1914,HPQ,-1.8540624925330618
1915,HWC,-1.8540619421980487
1916,MIS,-1.7066159778673513
1917,WRB,-1.7073312435103503
1918,BHK,5.558491667253862
1919,CHI,5.513126294086146
1920,HIP,5.508300317256645
1921,CPT,5.564210892898605
1922,LEB,4.282799505449839
1923,NEG,0.8550423003021659
1924,SKW,5.561369844305122
1925,EDR,5.5513117501052625
1926,SBU,5.557865279194854
1927,TEO,6.595832080173928
1928,TUR,5.5562300146271175
1929,WHC,5.502077013628269
1930,WST,5.507900911609458
1931,WHL,5.499188600495075
1932,BCV,5.499213494248826
1933,BET,5.562545888205482
1934,CBH,5.562325717097303
1935,SFI,1.0701822607776905
1936,LOF,5.562325717097303
1937,REC,5.561733966211574
1938,SMH,5.502056427260937
1939,MYL,5.572515002757004
1940,NUM,5.49773055144331
1941,SLV,5.506215669071908
1942,SJS,5.501026874222466
1943,HKC,5.581077654630054
1944,HKW,5.580969765909187
1945,HMN,5.580231358370696
1946,BGA,-1.774521857263
1947,BSE,-1.4810264481577902
1948,KNE,-1.4806705407893481
1949,AUD,4.0974716785537515
1950,CBG,4.1246412640490195
1951,DUL,4.110807442277969
1952,FXN,7.890373830917027
1953,GRC,4.099161821744096
1954,MEL,7.890861290751553
1955,NMK,4.097221582438376
1956,NWE,4.0988913116199095
1957,SED,4.122563774516264
1958,STH,7.891034060810794
1959,WLF,4.09874224259879
1960,CWC,-1.8153351058164682
1961,DOW,-1.4434891898602873
1962,WTG,-1.443330729016008
1963,ELY,-1.6863794071990732
1964,LTP,-1.7059401825972729
1965,SPP,-2.538150521322094
1966,WBC,4.122496137145415
1967,BUE,-1.8111803370023483
1968,SUY,-1.8117344037759913
1969,KLN,-1.4420123368629696
1970,MNE,0.40060506289760495
1971,MCH,0.3792004066502161
1972,WLE,0.4933153003196585
1973,BND,-1.4840255584327908
1974,LAK,-2.537761159250486
1975,TTF,-1.484505661890724
1976,DSM,-1.8374163139007382
1977,DBR,-1.8408981699089877
1978,FLX,-1.842032771359915
1979,IPS,-1.8405012392707092
1980,MES,-1.8401758467124711
1981,SFA,4.755771497249216
1982,SAX,-1.842709427558334
1983,TRM,-1.8421669694898057
1984,WFI,-1.8414919372577951
1985,WCM,-1.8358053154763627
1986,WDB,-1.8416403999662678
1987,BCC,-1.841630165061853
1988,BRP,-1.8398740890534608
1989,HAS,-1.8414823253854429
1990,LWT,-1.7910068776605739
1991,OUN,-1.790428181835285
1992,OUS,-1.824506021468157
1993,ACL,-1.709766820704668
1994,BDA,-1.7748019307931977
1995,BUC,-1.7910996846632727
1996,CNY,-1.7910270101570631
1997,CMR,-1.7366384044349987
1998,RNR,-1.737282153630312
1999,GNT,-1.736385533541165
2000,HAD,-1.7923439222387865
2001,LGD,-1.7091664767001502
2002,NWA,-1.7355680548962185
2003,NRW,-1.7749077594684408
2004,REE,-1.792208867247727
2005,SAH,-1.7867788606145896
2006,SHM,-1.7367903350356622
2007,SYT,-1.7908791535639124
2008,WRT,-1.7878136637435411
2009,HXM,-1.7878410350620122
2010,GYM,-1.7093872512264643
2011,WRN,-1.736422548061959
2012,BYA,-1.709243994731378
2013,DIS,-1.896984527257436
2014,ESW,-1.8410836956236623
2015,NMT,-1.8386183043763964
2016,SMK,-1.838374341517796
2017,TRS,-1.4796535697597057
2018,ATL,-1.4859505966988995
2019,ECS,-1.4846328528651476
2020,HRD,-1.4849467727809305
2021,SPN,-1.4855859586056301
2022,WMD,-1.7784408462775707
2023,BHO,5.4622401048312295
2024,HRY,5.4628488827360675
2025,LEM,5.463098962922986
2026,LER,5.463547187755431
2027,STO,5.4628488827360675
2028,CRH,5.4628488827360675
2029,WMW,5.462287459475968
2030,WNP,5.464540006339747
2031,CAA,4.588056273962112
2032,PRL,-2.526535938806603
2033,BEF,5.620111116153343
2034,DDK,5.566439936241859
2035,GRY,5.617401735819811
2036,LAI,5.61625346740768
2037,LES,-2.511084015475917
2038,CFH,5.6173646848366685
2039,OCK,5.616548047780114
2040,PSE,5.615961409769885
2041,PFL,5.620789759403934
2042,RNM,5.592178076365426
2043,SRY,-2.5107305980078736
2044,SOE,-2.5169768363975513
2045,SFO,5.613670006608755
2046,TPB,-2.515729023290223
2047,TBR,5.616442807880103
2048,TIL,5.615941577566953
2049,WHR,5.619235309552716
2050,WGR,5.462832909471785
2051,CHW,-2.511297833215733
2052,ETL,5.614792198204146
2053,EMP,5.584477565218141
2054,WCF,-2.5168556706819065
2055,LHS,5.57770518567617
2056,BSO,5.615372537757848
2057,BSV,2.3814457394955784
2058,BLO,1.294240884351187
2059,CRB,0.4639391194200956
2060,HEX,0.4617174371042415
2061,PRU,1.296326468610592
2062,RDM,0.46158744405237334
2063,SKS,0.4628940155702116
2064,WYM,1.300232964763887
2065,COM,1.4838027273571226
2066,KLD,1.4843208694596257
2067,ALW,1.5160740490564482
2068,TEA,1.4492839086632663
2069,BLL,0.46246919386777413
2070,BMP,1.5223245167274153
2071,HWH,0.46331638172197337
2072,HDB,0.4634029876067478
2073,WRL,1.5218282035560389
2074,CRM,1.659762919254785
2075,MAS,1.3020220976756791
2076,SUN,1.3869570777762945
2077,SEB,1.2974034754664976
2078,ACK,1.6377392862176872
2079,MPT,1.1621171156944303
2080,PEG,1.64436405828919
2081,WDD,1.6382278794371843
2082,MCE,1.29739877075861
2083,NCL,-1.012323849296825
2084,CLS,1.7308619107320946
2085,BNR,1.2975942354169245
2086,DOT,1.2983024947396535
2087,DHM,1.6608405988613177
2088,EBL,1.29776982668653
2089,HEW,1.3143988923507077
2090,RRN,-3.2353203992218464
2091,ILN,5.395009338225722
2092,ALM,1.6730284382364728
2093,BWK,0.9828058854898857
2094,CHT,1.639333179863017
2095,SEA,1.402709676779971
2096,NAY,1.0265503873643596
2097,BIA,1.0239183604616526
2098,DAR,1.061859500245439
2099,HEI,1.0256352878857722
2100,SHD,1.027107481954287
2101,NRD,0.969553594045007
2102,DND,1.000689010438447
2103,BTT,1.4839884706798157
2104,BIL,1.5170509696178922
2105,CSM,1.4841750899005821
2106,DNY,1.484584115828177
2107,EAG,1.4790849794475835
2108,YRM,1.5062684382629261
2109,EGT,1.300672783541002
2110,GLS,1.2990421461143986
2111,GTA,1.4849213646528023
2112,LHM,1.4835493900527281
2113,MSK,1.482244786386719
2114,MBR,1.518800829768693
2115,GYP,1.514871946449902
2116,NNT,1.5167972016678049
2117,MTO,1.5179674512699584
2118,RCC,1.4827261078359053
2119,SLB,1.4806181727804455
2120,SBK,1.5159316930782114
2121,RCE,1.4833709804503232
2122,STK,1.5155804806621478
2123,TBY,1.5135551452651566
2124,LGK,1.4820935107338116
2125,KNW,4.567302099070332
2126,NTR,1.4325953547278059
2127,CMB,4.129341252666366
2128,SEC,1.5916246305971118
2129,HPL,1.5518476598915125
2130,GOO,0.06649342532878459
2131,RWC,0.1988120497974126
2132,SAM,0.2075910347846948
2133,SNI,0.1988298614021639
2134,ARR,0.7049341896887175
2135,BEM,0.6641756476241535
2136,BEV,0.41988109878053764
2137,BDT,0.5696576249877822
2138,BMF,0.5643945411307104
2139,BUH,0.36087394843612036
2140,CGM,0.41762861664816286
2141,DRF,0.704343182632726
2142,FRY,0.563218432882552
2143,FIL,0.35849924929530097
2144,HES,0.6431249802803177
2145,HOW,-0.5610594638569623
2146,HUB,0.35785360557103246
2147,HUT,0.7048779632013017
2148,NFN,0.7079505896942088
2149,EGN,-0.31230012607665314
2150,GBD,0.5604349955046782
2151,WRS,-0.3115897914769923
2152,HUL,0.3489284392322138
2153,HEL,-0.1460619935399267
2154,WBD,-0.14389176099473433
2155,SOM,-0.3191957117181327
2156,GMT,1.3005481775336551
2157,MLT,0.7668891763104532
2158,RUS,1.299557717827832
2159,SEM,0.3721907181254419
2160,SLH,1.2994468772494274
2161,WTB,1.2997660816108434
2162,SCA,0.38390671536969223
2163,THI,0.8634047246264758
2164,SBY,-0.5149295369237505
2165,HBP,0.0009126611595428628
2166,HGT,-0.01884650808821243
2167,KNA,-0.0018478881652730244
2168,SBE,-0.000821156994739467
2169,CTL,0.24238361045103604
2170,CHF,0.27662203896672477
2171,HMM,0.2415686253256778
2172,POP,0.24200757839018278
2173,SIE,0.24023812761352242
2174,ULL,0.2454301844429616
2175,YRK,0.3423865547565965
2176,THC,6.215813393110693
2177,GOE,6.216829541007337
2178,OUT,0.3571106953129768
2179,DEW,0.07995998215245291
2180,SHY,2.754549120773297
2181,BYK,-0.19124446639084958
2182,AWK,-0.18968657748206305
2183,SES,0.319683133041405
2184,SNA,0.34315559297415726
2185,CFD,-0.007493095701962273
2186,GLH,-0.007967332440887548
2187,HFX,-0.0009753851923016149
2188,LMR,0.00019042894045759713
2189,DRT,4.303981579827671
2190,BHS,-0.13375134171892972
2191,BBW,-0.13487242128782867
2192,DBD,-0.13598962007015034
2193,HOY,-0.1335301364799769
2194,HUD,-0.03538205483378552
2195,DHN,-0.07926748690696458
2196,LCK,-0.13571805644224563
2197,MSN,-0.07961393949389829
2198,SPY,-0.1324234648444763
2199,SWT,-0.08086923470601287
2200,SSM,-0.1342337539488882
2201,KEI,3.890077854272513
2202,SON,3.8925919181835384
2203,CEY,3.9954422414312933
2204,EGF,2.7422846243303995
2205,CRG,2.7563367353931887
2206,GRF,2.745629819997113
2207,MIK,2.745038383937603
2208,PNL,0.002236234606369232
2209,BTL,0.040252284849534546
2210,LDS,2.9243872914576565
2211,BLE,2.743661729055839
2212,HDY,2.7512918169848932
2213,HRS,2.749821137261943
2214,BUY,2.7478941624295063
2215,MLY,2.7539160031449224
2216,COT,2.7516030854453035
2217,NPD,2.7543802609084445
2218,WET,-0.0027802640864030117
2219,BGH,-0.11228290691001397
2220,MIR,-0.1237377838248966
2221,RVN,0.03542473513228416
2222,HBD,0.0427844278470466
2223,MYT,0.04365469758961534
2224,SOW,0.04513797639950421
2225,NOR,0.3489522135534241
2226,WRP,4.474425965073641
2227,BTD,6.218630266877825
2228,MRP,-0.07608508734720058
2229,PFR,-0.18999592415786268
2230,SHC,0.3421242014023416
2231,FEA,0.3405694706020481
2232,KNO,-0.009812772515296806
2233,BLD,5.450189847751503
2234,BIY,3.884683891979365
2235,CFL,3.8840068636376053
2236,FZH,2.7554698316524573
2237,SAE,2.7539670013352864
2238,APY,2.7594175666589273
2239,BEY,5.45238027478104
2240,BUW,5.4486696353837365
2241,GSY,5.450596926112093
2242,ILK,5.454508801169766
2243,MNN,5.448352655768875
2244,WDS,2.7487280372224543
2245,FZW,0.34116437591323306
2246,WAV,3.6297385015402748
2247,AAT,1.0129962698004158
2248,ACN,1.013042732177372
2249,ACH,1.1133117480523556
2250,ASS,1.0046244054959814
2251,ABC,1.076157396765253
2252,ATT,1.0710602628865644
2253,AVM,0.8700356185105966
2254,ARD,1.091229416926555
2255,INH,1.0912294169265548
2256,BRA,1.0912641405119219
2257,CAG,0.9206870804601798
2258,CUA,1.091229416926555
2259,DLW,0.9205881811871115
2260,DIN,1.0083126599070857
2261,FRN,1.0130761140237854
2262,FOR,0.8672776850445861
2263,FRS,1.076157396765253
2264,GVE,1.0129613530194348
2265,GGJ,1.0762553344588346
2266,DNO,1.0912641405119219
2267,GOL,1.0912641405119219
2268,HMS,1.0912641405119219
2269,IGD,1.0046244054959814
2270,INV,0.7256789486430545
2271,KIL,1.0761931370992681
2272,KBC,1.0761931370992681
2273,KIN,0.8702467846595396
2274,KYL,1.0718695700600844
2275,LRG,1.0912294169265548
2276,LCC,1.013096689644155
2277,MOO,1.0082070988029748
2278,NRN,0.7740172393418125
2279,NWR,0.9205881811871113
2280,PLK,1.070979338981253
2281,ROG,1.0933263220321017
2282,SCT,1.076157396765253
2283,STC,1.1133343327019845
2284,STF,1.0710602628865644
2285,TAI,1.0130761140237854
2286,THS,1.0762553344588346
2287,WCK,1.0762553344588346
2288,DRN,1.0709793389812527
2289,DCG,1.0709793389812527
2290,CON,-3.5520964994479054
2291,DAL,-3.4813631775002167
2292,LHA,-3.4811192599358556
2293,DBL,0.8926492434269265
2294,GLE,0.702330126639728
2295,HWI,3.508773085604396
2296,OBN,-3.572149328178313
2297,FOC,-3.481441236683228
2298,TAY,-3.5518171003693717
2299,BLA,0.9356967376382563
2300,DKD,0.7768351182130221
2301,ING,0.7450147953561468
2302,PIT,0.9018386172600066
2303,PTH,0.7152426343840542
2304,BSU,1.0701822607776905
2305,NEW,1.0701822607776905
2306,ARG,-4.083851517361833
2307,BSL,-4.083430092714013
2308,BRO,-3.4808973549424325
2309,CPA,-3.7946522698118375
2310,CRR,-3.56696031593506
2311,CNR,-3.4593211004524864
2312,FTW,-3.794701533018995
2313,GLF,-3.8295837206405605
2314,LCL,-4.083394129969772
2315,LCS,-3.8258646541718035
2316,MLG,-4.091750148136229
2317,MRR,-4.088812180576136
2318,RAN,-3.5514707240391172
2319,RYB,-3.7946371048310987
2320,SBR,-3.79456409581062
2321,TUL,-3.5725239071415085
2322,BNV,-3.7946855006142988
2323,LHE,-3.794571269730837
2324,PLN,0.9304969241239398
2325,WBP,5.249110980170542
2326,BEL,1.008431586999339
2327,DYC,0.9199185348246313
2328,HNT,0.8547903466630077
2329,INS,0.854760587893826
2330,INR,0.854760587893826
2331,KEH,0.8672747394439388
2332,LAU,1.6695047034924626
2333,STN,1.087215161574853
2334,ABD,0.8597889911789761
2335,ELG,0.8672247633702559
2336,BSI,0.7450147953561468
2337,BYL,1.1422596273504828
2338,BYF,0.7450147953561468
2339,CAN,1.1422596273504828
2340,DEE,0.6847475470442359
2341,MON,0.7450147953561468
2342,ARB,1.1128686488046453
2343,MTS,1.1146055319402695
2344,AUR,1.0307897646457322
2345,GOF,1.1422596273504828
2346,BTS,1.0307897646457322
2347,CDD,0.8980519242613669
2348,CUP,0.8810440997533919
2349,DAG,1.0308084175426657
2350,INK,0.9865657497072902
2351,KGH,0.8980519242613669
2352,KDY,0.8570473693186123
2353,LDY,0.9019158589134173
2354,LCG,1.0307897646457325
2355,MNC,0.8907608384933859
2356,SPF,0.8980519242613669
2357,COW,1.0194782759250225
2358,DFE,0.9937262003056286
2359,DFL,0.9941073764469041
2360,LEU,0.804905953362611
2361,NQU,1.0307897646457325
2362,ROS,1.0189183012358785
2363,KGE,1.0903889857182538
2364,CUH,1.0901775109681764
2365,KKN,1.0901775109681764
2366,WTA,1.090388985718254
2367,SLA,1.0903889857182538
2368,FLD,1.0901775109681764
2369,HTW,-3.2206283913117093
2370,WCL,1.0901775109681764
2371,BRC,1.0901775109681764
2372,GLT,0.8980519242613669
2373,MUB,1.065232807073643
2374,ADW,1.0901775109681764
2375,BHG,1.0310700141285045
2376,DRM,1.0650776552265617
2377,SGL,1.082376275675893
2378,EDB,-0.39986768815858376
2379,GAL,0.8465160379316685
2380,LND,1.0650776552265617
2381,NBW,1.1439553967752834
2382,WAF,1.0701822607776905
2383,PST,1.04004500635547
2384,LSN,1.0308481198167652
2385,LVG,1.0914334758425637
2386,UHA,1.0302997238748952
2387,EDP,1.047691437832299
2388,SOI,0.8801977280872197
2389,DUN,1.2444615873501517
2390,DAM,0.9925439789043807
2391,HYM,1.099541897102835
2392,LIN,1.0784490471052113
2393,ANN,0.9464860723445875
2394,FRL,-3.381064193111597
2395,ADS,-3.3915338955999164
2396,ADN,-3.381561837973913
2397,AUK,-1.4570972418920043
2398,AYR,-1.457507967259689
2399,BSS,-3.3807436812390645
2400,BRL,-1.4738501628075489
2401,DLY,-3.381196020845387
2402,DMF,0.9462458276983837
2403,DNL,-3.370659979915783
2404,TWB,0.8561841455787719
2405,GIR,-1.473503698193703
2406,GLG,-3.3701619874916586
2407,JCH,1.5322802560325595
2408,IRV,-3.381530612776764
2409,KMK,-1.4686664817532693
2410,KLM,-1.45755009176895
2411,KWN,-3.3812561344286878
2412,KRK,0.9042221119552244
2413,LAR,-3.388856547182003
2414,MAY,-1.3196804217690263
2415,NCK,-1.4574527550557121
2416,PTW,-1.4573037378283549
2417,PRA,-1.444193316088683
2418,SLT,-3.381059805905792
2419,SQH,0.9042221119552244
2420,SDM,-3.2938885941581817
2421,STV,-3.381163764702137
2422,STT,-3.3707083456102853
2423,STR,-1.4960454037695887
2424,TRN,-1.456936160750972
2425,WKB,-3.3816692627156115
2426,ASB,-3.381010510047816
2427,NOA,-1.457436386676746
2428,IMW,5.071915909027691
2429,SPB,5.070416836231651
2430,NCO,5.258212260396727
2431,MUI,2.041035596039106
2432,NIT,2.0767765456364087
2433,GEA,0.9468391487188877
2434,LOC,0.9883580388549559
2435,BPT,2.076842504157331
2436,DUM,2.041085205499121
2437,PLW,2.041048610806084
2438,CDO,2.0413819955324377
2439,CKH,2.041085205499121
2440,CKT,2.07680201408654
2441,HLW,2.077169510535342
2442,MPK,2.041085205499121
2443,HKH,2.0768020140865406
2444,GRK,-3.4005799482314956
2445,WDL,-3.3704831823516144
2446,INP,-3.380979224699039
2447,JHN,2.0774388634178624
2448,LGB,2.0770813887210746
2449,LHW,-3.3703396149392693
2450,PCN,2.0768020140865406
2451,MIN,2.077555774605611
2452,PYJ,2.076981571422493
2453,WNL,-3.381566642317179
2454,PTG,-3.370446924773019
2455,BGS,-3.370433569592212
2456,WMS,-3.3915338955999164
2457,BRR,2.0767765456364087
2458,FTM,-3.380892297322126
2459,HLE,2.041395442409608
2460,CDY,-3.381006240338723
2461,GKC,-3.380941864685672
2462,GKW,-3.380924690644002
2463,PYG,2.055560194592751
2464,MTH,-3.2409147145278334
2465,WSH,-3.293695084240285
2466,AIR,-3.2207418760824083
2467,LWM,4.64170441987033
2468,CLU,2.0858725927403214
2469,CRS,-3.219294850238543
2470,MEY,2.084804072939049
2471,CTE,2.0849603973676842
2472,LPY,3.8846959844358424
2473,LNK,2.0858644240138515
2474,BLH,-3.2315494382157963
2475,BLT,-3.2198185039286242
2476,CEA,-3.2325702910534075
2477,CUB,-3.197209839938061
2478,GRH,-3.2138243089124905
2479,GRL,-3.1970993892216013
2480,HNC,-3.21963824759171
2481,HNW,-3.219897721012585
2482,LRH,2.085019814848374
2483,HLY,-3.2195189907179396
2484,SHS,-3.220764978811229
2485,CBC,-3.29375456392896
2486,CBS,-3.01650081395634
2487,WFF,-3.2206343796160186
2488,DRU,-3.016391535071265
2489,ADR,-3.0162969410043887
2490,BAI,-2.980395199661066
2491,COA,-2.9802152775733344
2492,BIO,-3.221003542625347
2493,BGI,-3.2211209842570225
2494,KWD,-3.2208375733610617
2495,BUI,2.0766256065928705
2496,CBL,2.0409086461917734
2497,CML,-3.2209087610375176
2498,KKH,2.0768922814503585
2499,NEI,2.076704784784706
2500,NTN,-3.2196655500232727
2501,PTT,2.076704784784706
2502,UDD,-3.2312252797793284
2503,WCR,2.076704784784706
2504,CFF,2.040976964457184
2505,MTV,-3.220938307112867
2506,WLM,2.0409878925231895
2507,RUT,2.041024667973101
2508,BDG,2.041035596039106
2509,DAK,2.041035596039106
2510,BUS,2.0766576788413635
2511,CKS,2.0766938661151464
2512,EKL,2.0767090195342566
2513,GFN,2.041046700364241
2514,CCT,2.041046700364241
2515,CMY,2.0410597151312184
2516,MAX,2.041048610806084
2517,XTH,4.174830023030458
2518,PWW,2.0410597151312184
2519,PTL,2.0767765456364087
2520,HMY,2.07685882379225
2521,THB,2.0410597151312184
2522,COI,2.041035596039106
2523,KNS,2.0410597151312184
2524,KGP,2.041011876635599
2525,LGS,2.041035596039106
2526,MFL,2.041035596039106
2527,PWE,2.041035596039106
2528,PLE,2.041048610806084
2529,QPK,2.041048610806084
2530,SHL,2.041048610806084
2531,THT,2.076590416494712
2532,SPS,-3.1972899173780993
2533,HYN,2.0409696512219564
2534,CBK,4.944205056673771
2535,CYK,2.0766804458087447
2536,ALX,1.8729501219710372
2537,BHC,1.873227857366173
2538,DLR,1.8726880530113503
2539,DBC,1.8516486866174244
2540,RTN,1.8726568881192658
2541,DBE,1.8727094842307899
2542,LBT,1.0919207442187302
2543,CRF,-3.2207703044777514
2544,CMO,1.1165978085650392
2545,CEH,4.976487271439194
2546,ALO,1.3504045583151312
2547,STG,0.745433384077388
2548,BEA,0.7764075748524644
2549,EST,-3.756712292114863
2550,BLG,-3.197404494019623
2551,CAY,-3.756834724391894
2552,CKY,4.742995690970286
2553,SLS,-3.7568984207221416
2554,GAR,-3.7566577802309795
2555,AXP,-3.1974161631239655
2556,DST,-3.1974161631239655
2557,HST,-3.197404494019623
2558,CHC,-3.197400935612788
2559,EXG,-3.197400935612788
2560,EBV,4.744026799606367
2561,LTH,4.744048493924476
2562,PTK,1.991782794882687
2563,NBE,4.743114824158804
2564,RCA,4.743929360735957
2565,ROR,4.743929360735957
2566,LLR,4.619403854965728
2567,PMT,1.0794049943842154
2568,BCN,-3.381535539131505
2569,BBG,-3.197479550341311
2570,CRO,-3.2335940958866103
2571,ASF,2.041048610806084
2572,LNZ,-3.23215293115468
2573,GSC,2.041048610806084
2574,MYH,2.041048610806084
2575,PPK,2.041048610806084
2576,SUM,2.041048610806084
2577,KPT,2.0766461167059678
2578,AGS,-3.197404494019623
2579,AUI,-3.459086778996896
2580,ART,-3.4591733947059504
2581,AND,-3.197400935612788
2582,BRN,2.0766351980364077
2583,DFR,-3.3814891429340785
2584,BWG,2.0766357019139634
2585,CDR,1.872692566511415
2586,CGD,1.87327787522451
2587,GCH,1.8727238291444728
2588,ANL,2.0409696512219564
2589,BNL,-3.197372060912681
2590,GRS,2.0409696512219564
2591,HLF,2.0766247832444034
2592,MLN,2.07659100161903
2593,SIN,2.07665912028226
2594,YOK,2.076680445808745
2595,DMR,2.07665912028226
2596,DMY,2.07665912028226
2597,DMC,2.07665912028226
2598,JOR,2.0409696512219564
2599,SCH,2.0409696512219564
2600,SPR,-3.1974161631239655
2601,WES,2.0409483073430397
2602,XDX,6.72690262445921
2603,XEA,7.262538894244763
2604,XEQ,5.920823845125756
2605,XAF,5.872402530488077
2606,XDY,5.493338329656775
2607,XEE,
2608,CPG,5.118888005155722
2609,WCT,5.503566727163539
2610,ULP,0.0
2611,XRD,7.655232871063418
2612,CRU,3.665092022683001
2613,ARA,3.790589926717798
2614,CTB,3.3470106146827225
2615,LCB,
2616,SOY,3.553831977370259
2617,XAO,5.9101765603084715
2618,XBR,5.920823845125756
2619,XCU,7.262538894244763
2620,XDH,7.262538894244763
2621,XAE,10.102574003528577
2622,XDC,10.073604427235741
2623,XAV,6.6731984319555115
2624,XCL,5.737704918032796
2625,XAS,4.995511975049893
2626,WBE,6.758195091083278
2627,PDT,6.60802401526173
2628,XAH,2.5720249569357727
2629,XCV,2.5733300646188644
2630,XAP,5.366465032589152
2631,XAW,5.719108908307232
2632,XCG,
2633,BUA,7.705204647887643
2634,XBW,5.5002118809226275
2635,XAQ,5.805573870928397
2636,XBH,5.780033995390215
2637,XBD,5.715256329747265
2638,XDI,5.780033995390215
2639,XAI,5.8531049636467305
2640,XDA,6.743949130511599
2641,HUS,5.372916434462472
2642,APN,0.279973945629126
2643,XEF,4.995511975049893
2644,XPB,5.436569843515317
2645,XPX,5.737704918032796
2646,XCF,28.058036944663893
2647,BDC,8.088404165677042
2648,DUO,8.14706904483974
2649,RTY,8.154918294922076
2650,XAA,4.292168720570881
2651,MLS,4.2941084917752885
2652,EAS,4.2950698700759915
2653,DUU,0.5622629158975495
2654,BPO,5.457725429864482
2655,LPO,2.52146679255868
2656,XOF,
2657,LJL,5.536041621608469
2658,UIG,0.0
2659,PEE,0.0
2660,XKW,5.551897938015244
2661,YMH,7.267126131456801
2662,XCQ,5.106850258788645
2663,SAO,-8.535397891439402
2664,WTW,6.979190025052738
2665,ECW,6.465692150005518
2666,FAX,5.652262216328696
2667,CRZ,5.819793631782032
2668,EDA,0.2568761987921292
2669,XLB,5.723547166252252
2670,SFF,5.493848850793799
2671,XYX,5.70337733446227
2672,MTE,5.7187911144746355
2673,CUL,3.5596153689867562
2674,RHA,
2675,SIB,5.746238992526919
2676,BFB,5.746238992526919
2677,GOP,5.455016353840433
2678,KWR,7.097341505353285
2679,BFA,0.0
2680,BFC,0.0
2681,DBP,0.0
2682,DCL,0.0
