,origin_crs,Count
0,AAP,184
1,ABW,177
2,ABY,157
3,ACB,192
4,ACC,183
5,ACG,148
6,ACK,20
7,ACL,18
8,ACR,124
9,ACT,185
10,ADC,168
11,ADD,147
12,ADK,156
13,ADL,128
14,ADM,137
15,ADV,165
16,AFK,164
17,AFS,189
18,AFV,123
19,AGT,167
20,AHD,189
21,AHN,138
22,AHS,174
23,AHT,190
24,AHV,188
25,AIG,150
26,AIN,150
27,ALB,159
28,ALD,171
29,ALF,133
30,ALK,79
31,ALM,20
32,ALN,154
33,ALP,98
34,ALR,127
35,ALT,129
36,ALV,132
37,ALW,29
38,AMB,121
39,AML,183
40,AMR,165
41,AMT,177
42,AMY,175
43,ANC,79
44,ANF,123
45,ANG,157
46,ANS,147
47,ANZ,184
48,AON,182
49,APB,158
50,APD,156
51,APF,183
52,APG,178
53,APN,14
54,APP,93
55,APS,201
56,APY,126
57,ARL,161
58,ARN,114
59,ARR,45
60,ARU,157
61,ASC,73
62,ASG,180
63,ASH,190
64,ASK,97
65,ASN,190
66,ASP,31
67,AST,148
68,ASY,127
69,ATB,124
70,ATH,142
71,ATL,28
72,ATN,156
73,AUD,160
74,AUG,145
75,AUW,177
76,AVF,99
77,AVN,88
78,AVP,188
79,AWK,131
80,AWM,151
81,AWT,67
82,AXM,50
83,AYH,137
84,AYL,158
85,AYP,177
86,AYS,188
87,BAA,158
88,BAB,181
89,BAC,178
90,BAD,179
91,BAG,185
92,BAH,150
93,BAK,199
94,BAL,187
95,BAM,141
96,BAN,139
97,BAR,112
98,BAS,13
99,BAT,158
100,BAU,80
101,BAV,80
102,BAW,200
103,BAY,172
104,BBK,159
105,BBL,185
106,BBN,124
107,BBS,148
108,BBW,131
109,BCB,160
110,BCC,28
111,BCE,186
112,BCF,195
113,BCH,114
114,BCJ,145
115,BCS,182
116,BCU,105
117,BCV,173
118,BCY,184
119,BDA,25
120,BDB,139
121,BDH,153
122,BDI,125
123,BDK,164
124,BDL,147
125,BDM,188
126,BDN,37
127,BDQ,125
128,BDS,17
129,BDT,40
130,BDW,177
131,BDY,141
132,BEB,155
133,BEC,184
134,BEE,124
135,BEF,170
136,BEG,175
137,BEH,137
138,BEM,40
139,BEN,114
140,BEP,142
141,BER,94
142,BES,146
143,BET,181
144,BEU,123
145,BEV,45
146,BEX,146
147,BEY,124
148,BFD,194
149,BFE,13
150,BFN,207
151,BFR,207
152,BGA,25
153,BGE,150
154,BGG,123
155,BGH,131
156,BGL,10
157,BGM,184
158,BHI,132
159,BHK,170
160,BHM,147
161,BHO,179
162,BHS,131
163,BIA,43
164,BIC,172
165,BID,146
166,BIF,97
167,BIG,181
168,BIK,184
169,BIL,29
170,BIN,96
171,BIP,153
172,BIS,160
173,BIT,183
174,BIW,161
175,BIY,124
176,BKA,189
177,BKC,146
178,BKD,129
179,BKG,183
180,BKH,183
181,BKJ,184
182,BKL,177
183,BKM,205
184,BKN,146
185,BKO,196
186,BKP,146
187,BKQ,146
188,BKS,137
189,BKT,148
190,BKW,137
191,BLB,154
192,BLD,124
193,BLE,128
194,BLK,137
195,BLL,21
196,BLM,180
197,BLN,150
198,BLO,20
199,BLP,135
200,BLV,157
201,BLW,124
202,BLX,132
203,BLY,181
204,BMB,128
205,BMC,137
206,BMD,170
207,BME,123
208,BMF,71
209,BMG,164
210,BMH,79
211,BML,163
212,BMN,176
213,BMO,147
214,BMP,67
215,BMR,155
216,BMS,177
217,BMT,107
218,BMV,118
219,BMY,194
220,BNA,157
221,BNC,115
222,BND,28
223,BNE,185
224,BNH,177
225,BNI,194
226,BNM,189
227,BNP,27
228,BNR,15
229,BNS,194
230,BNT,141
231,BNW,150
232,BNY,141
233,BOA,99
234,BOC,72
235,BOD,12
236,BOE,142
237,BOG,158
238,BOH,156
239,BOM,155
240,BON,137
241,BOP,184
242,BOT,150
243,BPB,123
244,BPK,172
245,BPN,123
246,BPS,123
247,BPW,107
248,BRE,173
249,BRF,115
250,BRG,156
251,BRI,107
252,BRK,148
253,BRP,28
254,BRS,201
255,BRT,166
256,BRU,62
257,BRV,148
258,BRW,150
259,BRX,187
260,BSB,124
261,BSC,148
262,BSD,168
263,BSE,50
264,BSH,206
265,BSJ,188
266,BSK,188
267,BSM,79
268,BSN,45
269,BSO,170
270,BSP,183
271,BSR,117
272,BSV,128
273,BSW,147
274,BSY,181
275,BTB,86
276,BTD,142
277,BTE,133
278,BTF,79
279,BTG,132
280,BTH,99
281,BTL,130
282,BTN,167
283,BTO,187
284,BTP,154
285,BTR,154
286,BTT,29
287,BTY,182
288,BUB,115
289,BUC,18
290,BUD,116
291,BUE,127
292,BUG,180
293,BUH,71
294,BUJ,124
295,BUK,123
296,BUL,148
297,BUO,133
298,BUT,105
299,BUU,154
300,BUW,124
301,BUX,130
302,BUY,128
303,BVD,177
304,BWB,178
305,BWD,167
306,BWK,16
307,BWN,132
308,BWO,196
309,BWS,91
310,BWT,73
311,BXB,174
312,BXD,165
313,BXH,177
314,BXW,187
315,BXY,177
316,BYA,18
317,BYB,153
318,BYK,131
319,BYM,118
320,BYN,159
321,BYS,62
322,CAA,137
323,CAK,108
324,CAM,185
325,CAO,132
326,CAR,67
327,CAS,128
328,CAT,179
329,CAU,12
330,CBB,6
331,CBE,143
332,CBG,147
333,CBH,181
334,CBK,49
335,CBN,9
336,CBP,183
337,CBR,178
338,CBW,144
339,CBY,177
340,CCH,156
341,CDI,40
342,CDN,181
343,CDS,181
344,CDU,73
345,CED,198
346,CEF,130
347,CEH,148
348,CEL,171
349,CES,154
350,CET,127
351,CEY,114
352,CFB,183
353,CFD,128
354,CFH,170
355,CFL,124
356,CFN,88
357,CFO,165
358,CFR,160
359,CFT,183
360,CGM,45
361,CHD,162
362,CHE,180
363,CHF,89
364,CHG,158
365,CHH,180
366,CHI,175
367,CHK,194
368,CHL,195
369,CHM,158
370,CHN,173
371,CHO,171
372,CHP,179
373,CHR,82
374,CHT,20
375,CHU,163
376,CHW,161
377,CHX,207
378,CHY,190
379,CIL,144
380,CIR,182
381,CIT,177
382,CKL,31
383,CKN,70
384,CLA,194
385,CLC,62
386,CLD,176
387,CLE,80
388,CLG,193
389,CLH,124
390,CLI,156
391,CLJ,199
392,CLK,177
393,CLL,146
394,CLM,121
395,CLN,142
396,CLP,183
397,CLS,23
398,CLT,127
399,CLV,94
400,CLW,171
401,CLY,141
402,CMB,147
403,CMD,182
404,CME,177
405,CMF,121
406,CMR,21
407,CNE,115
408,CNF,114
409,CNG,168
410,CNL,137
411,CNM,73
412,CNN,183
413,CNO,55
414,CNP,146
415,CNS,131
416,CNY,18
417,COB,146
418,COE,12
419,COH,165
420,COL,127
421,COM,29
422,COO,185
423,COP,40
424,COR,67
425,COS,159
426,COT,128
427,COV,137
428,CPK,206
429,CPM,51
430,CPN,27
431,CPT,181
432,CPU,178
433,CPY,122
434,CRA,129
435,CRB,21
436,CRD,148
437,CRE,192
438,CRG,128
439,CRH,179
440,CRI,182
441,CRL,128
442,CRM,20
443,CRN,200
444,CRT,144
445,CRV,123
446,CRW,181
447,CRY,177
448,CSA,148
449,CSB,180
450,CSD,196
451,CSG,150
452,CSH,180
453,CSK,13
454,CSL,159
455,CSM,29
456,CSN,194
457,CSO,128
458,CSR,157
459,CSS,194
460,CST,207
461,CSW,123
462,CSY,159
463,CTF,183
464,CTH,176
465,CTK,208
466,CTL,89
467,CTM,158
468,CTN,183
469,CTO,124
470,CTR,178
471,CTT,117
472,CTW,124
473,CUD,141
474,CUF,172
475,CUM,183
476,CUS,23
477,CUX,158
478,CWC,127
479,CWD,127
480,CWE,98
481,CWH,174
482,CWL,104
483,CWN,174
484,CWU,158
485,CWX,24
486,CYP,184
487,CYT,124
488,DAN,142
489,DAR,43
490,DAT,184
491,DBD,131
492,DBG,122
493,DBR,29
494,DBY,135
495,DCH,68
496,DCW,61
497,DDG,148
498,DDK,177
499,DDP,148
500,DEA,118
501,DEN,122
502,DEP,183
503,DEW,130
504,DFD,165
505,DFI,135
506,DGC,195
507,DGT,159
508,DHM,23
509,DHN,131
510,DID,171
511,DIG,40
512,DIS,28
513,DKG,187
514,DKT,187
515,DLH,158
516,DLJ,182
517,DLK,183
518,DLM,141
519,DLS,66
520,DLT,97
521,DMH,99
522,DMK,183
523,DMP,117
524,DMS,174
525,DND,43
526,DNG,186
527,DNM,195
528,DNT,122
529,DNY,29
530,DOC,14
531,DOD,139
532,DON,131
533,DOR,142
534,DOT,20
535,DOW,130
536,DPD,187
537,DPT,14
538,DRF,45
539,DRG,183
540,DRI,62
541,DRO,143
542,DRT,141
543,DSL,163
544,DSM,28
545,DSY,159
546,DTG,139
547,DTN,135
548,DTW,118
549,DUD,148
550,DUL,147
551,DUR,157
552,DVC,125
553,DVH,130
554,DVN,163
555,DVP,112
556,DWL,33
557,DWN,124
558,DWW,33
559,DYP,183
560,DZY,148
561,EAD,200
562,EAG,29
563,EAL,197
564,EAR,188
565,EBA,128
566,EBD,166
567,EBL,15
568,EBN,147
569,EBR,183
570,EBT,180
571,ECC,157
572,ECL,156
573,ECR,184
574,ECS,28
575,EDG,150
576,EDL,141
577,EDN,177
578,EDR,170
579,EDW,184
580,EDY,156
581,EFF,196
582,EFL,169
583,EGF,128
584,EGG,29
585,EGH,190
586,EGN,103
587,EGR,174
588,EGT,28
589,ELD,187
590,ELE,177
591,ELO,79
592,ELP,155
593,ELR,141
594,ELS,175
595,ELW,177
596,ELY,134
597,EMD,91
598,EML,164
599,EMP,176
600,EMS,148
601,ENC,174
602,ENF,171
603,ENL,169
604,ENT,124
605,EPD,179
606,EPH,186
607,EPS,188
608,ERA,155
609,ERD,148
610,ERH,177
611,ERI,174
612,ERL,155
613,ESD,176
614,ESH,201
615,ESL,160
616,ESM,160
617,ESW,29
618,ETC,163
619,ETL,170
620,EUS,207
621,EVE,146
622,EWD,148
623,EWE,188
624,EWR,151
625,EWW,188
626,EXC,44
627,EXD,44
628,EXM,40
629,EXN,40
630,EXR,183
631,EXT,44
632,EYN,170
633,FAL,9
634,FAV,143
635,FAZ,150
636,FBY,147
637,FCN,177
638,FEA,125
639,FEL,188
640,FEN,181
641,FFD,99
642,FGT,180
643,FIL,48
644,FIN,177
645,FIT,107
646,FKC,126
647,FKW,126
648,FLE,201
649,FLF,139
650,FLI,157
651,FLM,31
652,FLT,157
653,FLW,186
654,FLX,29
655,FML,185
656,FMR,167
657,FMT,9
658,FNB,201
659,FNC,183
660,FNH,190
661,FNN,200
662,FNR,167
663,FNT,49
664,FNV,130
665,FNW,137
666,FNY,182
667,FOD,157
668,FOG,174
669,FOH,184
670,FOK,148
671,FOX,72
672,FPK,187
673,FRD,167
674,FRE,147
675,FRF,157
676,FRI,127
677,FRM,150
678,FRO,99
679,FRT,174
680,FRY,71
681,FSB,156
682,FSG,152
683,FSK,124
684,FST,207
685,FTN,148
686,FWY,148
687,FXN,150
688,FZH,126
689,FZP,185
690,FZW,127
691,GBD,71
692,GBK,141
693,GBL,129
694,GBS,157
695,GCR,73
696,GCT,80
697,GDH,174
698,GDL,139
699,GDN,183
700,GDP,176
701,GER,195
702,GFD,184
703,GGV,114
704,GIG,122
705,GIL,80
706,GIP,184
707,GLD,195
708,GLH,128
709,GLM,158
710,GLO,139
711,GLS,28
712,GLY,154
713,GLZ,166
714,GMB,80
715,GMD,80
716,GMN,185
717,GMT,28
718,GMV,120
719,GMY,174
720,GNB,129
721,GNF,139
722,GNH,168
723,GNL,146
724,GNR,72
725,GNT,21
726,GNW,183
727,GOB,128
728,GOD,183
729,GOE,142
730,GOM,188
731,GOO,80
732,GOR,172
733,GOS,108
734,GOX,80
735,GPK,174
736,GPO,182
737,GRA,79
738,GRB,127
739,GRC,157
740,GRF,128
741,GRN,141
742,GRP,176
743,GRT,165
744,GRV,168
745,GRY,170
746,GSD,122
747,GSL,13
748,GSN,205
749,GST,159
750,GSW,156
751,GSY,124
752,GTA,29
753,GTO,157
754,GTR,181
755,GTW,182
756,GTY,157
757,GUI,157
758,GUN,194
759,GVH,148
760,GYM,18
761,GYP,29
762,HAB,80
763,HAC,181
764,HAD,18
765,HAF,141
766,HAG,129
767,HAI,158
768,HAL,132
769,HAM,76
770,HAN,183
771,HAP,154
772,HAS,28
773,HAT,173
774,HAV,153
775,HAY,183
776,HAZ,163
777,HBB,45
778,HBD,128
779,HBN,168
780,HBP,128
781,HBY,128
782,HCB,184
783,HCH,181
784,HCN,163
785,HCT,115
786,HDB,21
787,HDE,142
788,HDF,139
789,HDG,157
790,HDH,182
791,HDL,205
792,HDM,187
793,HDN,181
794,HDW,174
795,HDY,128
796,HEC,73
797,HED,150
798,HEI,43
799,HEL,112
800,HEN,182
801,HER,201
802,HES,45
803,HEV,174
804,HEW,19
805,HEX,21
806,HFD,104
807,HFE,168
808,HFN,172
809,HFS,131
810,HFX,128
811,HGD,177
812,HGF,159
813,HGG,182
814,HGM,158
815,HGN,150
816,HGR,183
817,HGS,158
818,HGT,128
819,HGY,184
820,HHB,112
821,HHE,180
822,HHY,184
823,HIA,132
824,HIB,177
825,HID,137
826,HIG,73
827,HIL,147
828,HIN,159
829,HIP,175
830,HIR,122
831,HIT,164
832,HKC,175
833,HKM,115
834,HKN,102
835,HKW,175
836,HLB,182
837,HLD,122
838,HLG,148
839,HLI,80
840,HLM,187
841,HLN,160
842,HLR,150
843,HLS,148
844,HMC,200
845,HMD,147
846,HME,133
847,HML,205
848,HMM,89
849,HMN,175
850,HMP,186
851,HMT,156
852,HMW,186
853,HNA,82
854,HNB,124
855,HND,177
856,HNF,132
857,HNH,183
858,HNK,122
859,HNL,148
860,HNX,150
861,HOC,153
862,HOH,110
863,HOK,201
864,HOL,76
865,HON,49
866,HOO,155
867,HOP,141
868,HOR,185
869,HOT,177
870,HOU,188
871,HOV,167
872,HOW,104
873,HOX,182
874,HOY,131
875,HPA,184
876,HPD,167
877,HPL,29
878,HPN,115
879,HPQ,125
880,HPT,123
881,HRD,28
882,HRE,28
883,HRH,180
884,HRM,158
885,HRN,184
886,HRO,176
887,HRR,31
888,HRS,128
889,HRW,206
890,HRY,179
891,HSB,178
892,HSC,159
893,HSD,148
894,HSG,141
895,HSK,178
896,HSL,172
897,HSW,175
898,HSY,194
899,HTC,163
900,HTE,204
901,HTF,192
902,HTH,171
903,HTN,96
904,HTO,150
905,HTY,139
906,HUB,48
907,HUD,131
908,HUL,45
909,HUN,165
910,HUP,157
911,HUR,181
912,HUT,45
913,HUY,150
914,HVN,45
915,HWC,125
916,HWH,21
917,HWI,136
918,HWM,174
919,HWN,174
920,HWV,141
921,HWW,196
922,HWY,188
923,HXM,25
924,HXX,141
925,HYB,145
926,HYC,141
927,HYD,138
928,HYH,127
929,HYK,146
930,HYL,9
931,HYR,200
932,HYS,177
933,HYT,141
934,HYW,193
935,IFD,174
936,IFI,181
937,ILK,124
938,ILN,133
939,IMW,183
940,INC,159
941,INE,155
942,INT,172
943,IPS,29
944,IRL,166
945,ISL,194
946,ISP,183
947,IVR,189
948,IVY,14
949,JCH,29
950,JEQ,148
951,KBF,72
952,KBK,108
953,KBN,181
954,KBW,174
955,KBX,127
956,KCK,176
957,KDB,177
958,KDG,180
959,KEI,124
960,KEL,154
961,KEM,76
962,KEN,116
963,KET,67
964,KEY,14
965,KGL,206
966,KGM,177
967,KGN,29
968,KGS,139
969,KGX,207
970,KID,129
971,KIR,150
972,KIT,177
973,KIV,142
974,KKB,102
975,KKD,150
976,KKM,128
977,KKS,131
978,KLD,29
979,KLF,128
980,KLN,130
981,KLY,181
982,KMH,185
983,KML,146
984,KMP,182
985,KMS,156
986,KNA,128
987,KND,179
988,KNE,50
989,KNF,132
990,KNG,186
991,KNI,123
992,KNL,181
993,KNN,148
994,KNO,128
995,KNR,183
996,KNT,205
997,KNW,103
998,KPA,186
999,KSL,137
1000,KSN,112
1001,KSW,93
1002,KTH,184
1003,KTL,123
1004,KTN,185
1005,KTW,182
1006,KVP,142
1007,KWB,194
1008,KWG,194
1009,KYN,107
1010,LAC,151
1011,LAD,183
1012,LAG,127
1013,LAI,170
1014,LAK,97
1015,LAN,112
1016,LAP,29
1017,LAW,132
1018,LAY,123
1019,LBG,208
1020,LBK,184
1021,LBO,91
1022,LBZ,195
1023,LCK,131
1024,LCN,129
1025,LDS,128
1026,LEA,167
1027,LEB,172
1028,LED,104
1029,LEE,177
1030,LEG,155
1031,LEH,132
1032,LEI,93
1033,LEL,6
1034,LEM,179
1035,LEN,158
1036,LEO,117
1037,LER,179
1038,LES,161
1039,LET,164
1040,LEW,183
1041,LEY,128
1042,LFD,174
1043,LGD,18
1044,LGE,135
1045,LGF,167
1046,LGG,148
1047,LGJ,183
1048,LGK,29
1049,LGM,133
1050,LGN,166
1051,LGW,67
1052,LHD,189
1053,LHM,29
1054,LHO,124
1055,LHS,175
1056,LIC,166
1057,LID,185
1058,LIH,182
1059,LIP,172
1060,LIS,168
1061,LIT,157
1062,LIV,150
1063,LKE,37
1064,LMR,128
1065,LMS,96
1066,LNG,190
1067,LNY,189
1068,LOB,148
1069,LOF,181
1070,LOH,128
1071,LOO,12
1072,LOS,12
1073,LOT,137
1074,LOW,124
1075,LPR,122
1076,LPT,166
1077,LPW,148
1078,LPY,150
1079,LRB,167
1080,LRD,195
1081,LSK,12
1082,LST,206
1083,LSW,146
1084,LSY,183
1085,LTG,141
1086,LTK,187
1087,LTL,129
1088,LTM,123
1089,LTN,157
1090,LTP,134
1091,LTS,6
1092,LTT,155
1093,LTV,166
1094,LUD,117
1095,LUT,167
1096,LUX,10
1097,LVC,150
1098,LVJ,150
1099,LVM,157
1100,LVN,180
1101,LWH,107
1102,LWS,154
1103,LWT,18
1104,LYC,40
1105,LYD,68
1106,LYE,129
1107,LYM,40
1108,LYP,105
1109,LYT,105
1110,LZB,67
1111,MAC,168
1112,MAG,150
1113,MAI,185
1114,MAL,195
1115,MAN,158
1116,MAO,186
1117,MAR,114
1118,MAS,20
1119,MAT,121
1120,MAU,157
1121,MBK,140
1122,MBR,29
1123,MCB,167
1124,MCE,20
1125,MCH,60
1126,MCM,112
1127,MCO,158
1128,MCV,158
1129,MDB,168
1130,MDE,168
1131,MDG,177
1132,MDL,163
1133,MDN,55
1134,MDS,184
1135,MDW,168
1136,MEC,147
1137,MEL,150
1138,MEN,12
1139,MEO,146
1140,MEP,167
1141,MES,29
1142,MEX,143
1143,MFT,102
1144,MGM,115
1145,MGN,132
1146,MHM,187
1147,MHR,76
1148,MHS,143
1149,MIA,136
1150,MIC,161
1151,MIH,129
1152,MIJ,184
1153,MIK,128
1154,MIL,175
1155,MIM,179
1156,MIR,131
1157,MIS,128
1158,MKC,181
1159,MKM,51
1160,MKR,115
1161,MKT,127
1162,MLB,185
1163,MLD,178
1164,MLF,183
1165,MLH,124
1166,MLM,72
1167,MLT,70
1168,MLW,185
1169,MLY,128
1170,MMO,78
1171,MNE,44
1172,MNG,128
1173,MNN,124
1174,MNP,174
1175,MNR,146
1176,MOB,131
1177,MOG,207
1178,MOR,194
1179,MOS,123
1180,MOT,195
1181,MPL,141
1182,MPT,21
1183,MRD,40
1184,MRF,150
1185,MRN,169
1186,MRP,126
1187,MRS,187
1188,MRT,146
1189,MRW,174
1190,MRY,31
1191,MSD,157
1192,MSH,150
1193,MSK,29
1194,MSL,139
1195,MSN,131
1196,MSO,129
1197,MSR,117
1198,MSS,137
1199,MSW,102
1200,MTB,121
1201,MTC,184
1202,MTG,177
1203,MTL,194
1204,MTM,118
1205,MTN,77
1206,MTO,29
1207,MTP,88
1208,MVL,120
1209,MYB,209
1210,MYL,175
1211,MYT,128
1212,MZH,183
1213,NAN,181
1214,NAY,43
1215,NBA,174
1216,NBC,183
1217,NBN,146
1218,NBR,93
1219,NBT,187
1220,NBY,177
1221,NCE,80
1222,NCL,20
1223,NCM,189
1224,NCO,40
1225,NCT,121
1226,NDL,184
1227,NEH,177
1228,NEL,115
1229,NEM,201
1230,NES,175
1231,NET,124
1232,NFA,154
1233,NFD,148
1234,NFL,168
1235,NFN,45
1236,NGT,158
1237,NHD,184
1238,NHE,158
1239,NHL,80
1240,NLN,147
1241,NLS,85
1242,NLT,175
1243,NLW,155
1244,NMC,141
1245,NMK,147
1246,NMN,129
1247,NMP,184
1248,NMT,29
1249,NNG,121
1250,NNT,29
1251,NOR,126
1252,NOT,124
1253,NPD,126
1254,NQY,10
1255,NRB,184
1256,NRC,177
1257,NRD,43
1258,NRT,62
1259,NRW,25
1260,NSB,146
1261,NSD,102
1262,NSG,184
1263,NSH,194
1264,NTA,27
1265,NTC,40
1266,NTL,140
1267,NTR,56
1268,NUF,187
1269,NUM,174
1270,NUN,142
1271,NUT,148
1272,NVH,153
1273,NVN,153
1274,NVR,128
1275,NWA,21
1276,NWB,205
1277,NWD,184
1278,NWE,160
1279,NWI,141
1280,NWM,105
1281,NWN,139
1282,NWX,186
1283,NXG,187
1284,OCK,170
1285,OHL,148
1286,OKE,40
1287,OKL,174
1288,OKM,80
1289,OKN,132
1290,OLD,187
1291,OLF,99
1292,OLT,148
1293,OLY,187
1294,OMS,145
1295,OPK,150
1296,ORE,158
1297,ORN,150
1298,ORP,176
1299,ORR,159
1300,OTF,185
1301,OUN,18
1302,OUS,18
1303,OUT,127
1304,OVE,155
1305,OVR,169
1306,OXF,183
1307,OXN,116
1308,OXP,183
1309,OXS,193
1310,OXT,181
1311,PAD,207
1312,PAL,184
1313,PAN,172
1314,PAR,12
1315,PAT,157
1316,PBL,160
1317,PBO,74
1318,PBR,172
1319,PDG,167
1320,PDW,175
1321,PEA,134
1322,PEB,147
1323,PEG,20
1324,PEM,159
1325,PET,177
1326,PEV,147
1327,PEW,47
1328,PFL,170
1329,PFM,128
1330,PFR,105
1331,PFY,123
1332,PGN,27
1333,PHR,182
1334,PIL,107
1335,PIN,49
1336,PKG,164
1337,PKS,76
1338,PKT,196
1339,PLC,163
1340,PLD,152
1341,PLG,148
1342,PLM,141
1343,PLS,128
1344,PLU,177
1345,PLY,14
1346,PMA,27
1347,PMP,178
1348,PMR,183
1349,PMS,148
1350,PNE,180
1351,PNL,128
1352,PNM,9
1353,PNR,80
1354,PNS,141
1355,PNW,184
1356,PNZ,6
1357,POK,82
1358,POL,44
1359,PON,170
1360,POO,76
1361,POP,89
1362,POT,128
1363,PRB,168
1364,PRE,128
1365,PRL,153
1366,PRN,31
1367,PRP,167
1368,PRR,187
1369,PRS,156
1370,PRU,20
1371,PRW,11
1372,PRY,148
1373,PSC,156
1374,PSE,170
1375,PSH,145
1376,PSL,155
1377,PSN,107
1378,PSW,161
1379,PTC,150
1380,PTR,168
1381,PUL,175
1382,PUO,181
1383,PUR,181
1384,PUT,194
1385,PWY,107
1386,PYN,9
1387,PYT,164
1388,QBR,146
1389,QPW,182
1390,QRB,199
1391,QRP,184
1392,QUI,10
1393,RAD,183
1394,RAI,158
1395,RAM,117
1396,RAU,73
1397,RAV,62
1398,RAY,200
1399,RBR,163
1400,RCC,29
1401,RCD,129
1402,RCE,29
1403,RDA,88
1404,RDB,140
1405,RDC,132
1406,RDD,181
1407,RDF,96
1408,RDG,179
1409,RDH,187
1410,RDM,21
1411,RDN,157
1412,RDS,135
1413,RDT,172
1414,RDW,179
1415,REC,180
1416,RED,9
1417,REE,18
1418,REI,187
1419,RET,127
1420,RFD,153
1421,RFY,146
1422,RGL,164
1423,RGT,130
1424,RGW,124
1425,RHD,122
1426,RHM,181
1427,RIC,171
1428,RID,178
1429,RIL,150
1430,RIS,124
1431,RKT,73
1432,RLG,154
1433,RLN,148
1434,RMC,143
1435,RMD,197
1436,RMF,176
1437,RML,141
1438,RNF,159
1439,RNH,155
1440,RNM,181
1441,RNR,21
1442,ROB,150
1443,ROC,10
1444,ROE,181
1445,ROL,121
1446,ROM,122
1447,ROO,97
1448,ROW,148
1449,RRB,157
1450,RSG,115
1451,RSH,141
1452,RTR,158
1453,RUE,166
1454,RUF,128
1455,RUG,97
1456,RUN,156
1457,RUS,28
1458,RVB,184
1459,RVN,130
1460,RWC,77
1461,RYD,31
1462,RYE,155
1463,RYH,174
1464,RYN,174
1465,RYR,31
1466,RYS,151
1467,SAA,196
1468,SAB,37
1469,SAC,172
1470,SAD,148
1471,SAE,126
1472,SAF,185
1473,SAH,25
1474,SAJ,183
1475,SAL,147
1476,SAM,77
1477,SAN,37
1478,SAR,88
1479,SAS,123
1480,SAT,183
1481,SAU,12
1482,SAV,96
1483,SAW,159
1484,SAX,28
1485,SAY,167
1486,SBE,128
1487,SBF,14
1488,SBJ,129
1489,SBK,29
1490,SBM,184
1491,SBP,181
1492,SBS,31
1493,SBT,129
1494,SBU,170
1495,SBV,13
1496,SBY,104
1497,SCA,51
1498,SCF,132
1499,SCG,168
1500,SCR,10
1501,SCS,33
1502,SCU,99
1503,SCY,184
1504,SDA,158
1505,SDB,181
1506,SDC,174
1507,SDE,182
1508,SDG,125
1509,SDH,174
1510,SDL,150
1511,SDN,147
1512,SDP,12
1513,SDR,187
1514,SDW,118
1515,SDY,161
1516,SEA,20
1517,SEB,16
1518,SEC,29
1519,SED,146
1520,SEE,153
1521,SEF,153
1522,SEG,143
1523,SEH,185
1524,SEL,62
1525,SEM,51
1526,SEN,166
1527,SER,6
1528,SES,125
1529,SET,122
1530,SEV,186
1531,SFA,147
1532,SFD,157
1533,SFL,150
1534,SFN,158
1535,SFO,170
1536,SFR,195
1537,SGB,148
1538,SGM,14
1539,SGN,183
1540,SGR,177
1541,SHB,127
1542,SHC,125
1543,SHD,43
1544,SHE,74
1545,SHF,143
1546,SHH,88
1547,SHI,177
1548,SHJ,155
1549,SHM,21
1550,SHN,37
1551,SHO,133
1552,SHP,184
1553,SHR,140
1554,SHU,66
1555,SHW,165
1556,SHY,126
1557,SIA,153
1558,SIC,72
1559,SID,177
1560,SIE,89
1561,SIH,184
1562,SIL,91
1563,SIP,177
1564,SIT,146
1565,SIV,6
1566,SJP,44
1567,SJS,175
1568,SKG,45
1569,SKI,114
1570,SKM,187
1571,SKN,12
1572,SKS,21
1573,SKW,180
1574,SLB,29
1575,SLD,157
1576,SLH,28
1577,SLK,141
1578,SLL,80
1579,SLO,189
1580,SLQ,158
1581,SLR,73
1582,SLV,174
1583,SLW,128
1584,SLY,148
1585,SMA,148
1586,SMB,129
1587,SMD,61
1588,SMG,194
1589,SMH,174
1590,SMK,29
1591,SML,88
1592,SMN,154
1593,SMO,200
1594,SMR,148
1595,SMT,174
1596,SMY,171
1597,SNA,127
1598,SND,200
1599,SNE,166
1600,SNF,171
1601,SNG,190
1602,SNH,156
1603,SNI,77
1604,SNK,167
1605,SNL,189
1606,SNN,156
1607,SNO,164
1608,SNR,181
1609,SNS,189
1610,SNT,155
1611,SNW,150
1612,SNY,189
1613,SOA,140
1614,SOB,148
1615,SOC,160
1616,SOE,161
1617,SOF,154
1618,SOG,163
1619,SOH,181
1620,SOK,205
1621,SOL,148
1622,SOM,103
1623,SON,124
1624,SOO,158
1625,SOP,147
1626,SOR,167
1627,SOT,166
1628,SOU,149
1629,SOV,152
1630,SOW,128
1631,SPA,45
1632,SPB,183
1633,SPH,137
1634,SPI,155
1635,SPK,102
1636,SPN,28
1637,SPO,135
1638,SPP,97
1639,SPT,164
1640,SPU,169
1641,SPY,131
1642,SQE,181
1643,SQU,123
1644,SRA,179
1645,SRC,184
1646,SRD,107
1647,SRG,195
1648,SRH,184
1649,SRI,148
1650,SRL,148
1651,SRN,141
1652,SRO,126
1653,SRS,184
1654,SRT,177
1655,SRU,178
1656,SRY,161
1657,SSC,62
1658,SSD,153
1659,SSE,152
1660,SSM,131
1661,SSS,146
1662,SST,160
1663,STA,164
1664,STD,66
1665,STE,184
1666,STH,150
1667,STK,29
1668,STL,183
1669,STM,150
1670,STO,179
1671,STP,208
1672,STS,14
1673,STU,144
1674,STW,186
1675,STY,95
1676,SUC,184
1677,SUD,174
1678,SUN,20
1679,SUO,180
1680,SUP,176
1681,SUR,200
1682,SUT,148
1683,SUU,184
1684,SUY,127
1685,SVB,88
1686,SVG,174
1687,SVK,174
1688,SVL,87
1689,SVR,114
1690,SVS,175
1691,SWD,121
1692,SWE,45
1693,SWG,140
1694,SWI,56
1695,SWK,152
1696,SWL,146
1697,SWM,168
1698,SWN,143
1699,SWO,137
1700,SWR,185
1701,SWS,93
1702,SWT,131
1703,SWY,105
1704,SXY,129
1705,SYA,171
1706,SYB,139
1707,SYD,184
1708,SYH,184
1709,SYL,194
1710,SYS,93
1711,SYT,18
1712,TAB,148
1713,TAC,138
1714,TAD,179
1715,TAM,166
1716,TAP,185
1717,TAT,179
1718,TAU,49
1719,TBD,181
1720,TBW,177
1721,TBY,29
1722,TCR,17
1723,TEA,29
1724,TED,186
1725,TEO,171
1726,TEY,146
1727,TFC,132
1728,TGM,33
1729,THA,177
1730,THC,142
1731,THD,200
1732,THE,177
1733,THH,156
1734,THI,65
1735,THL,137
1736,THO,55
1737,THU,124
1738,THW,148
1739,TIL,170
1740,TIP,148
1741,TIS,89
1742,TLH,178
1743,TLK,148
1744,TLS,127
1745,TMC,80
1746,TNA,80
1747,TNN,131
1748,TNS,131
1749,TOD,128
1750,TOK,158
1751,TOL,195
1752,TOM,178
1753,TON,182
1754,TOO,200
1755,TOP,40
1756,TOT,27
1757,TPB,160
1758,TPC,45
1759,TQY,27
1760,TRA,154
1761,TRI,203
1762,TRM,29
1763,TRO,99
1764,TRR,27
1765,TRS,50
1766,TRU,11
1767,TTF,28
1768,TTH,184
1769,TTN,123
1770,TUH,184
1771,TUR,169
1772,TUT,153
1773,TVP,38
1774,TWI,194
1775,TWN,145
1776,TWY,177
1777,TYS,148
1778,UCK,165
1779,UHL,182
1780,ULC,80
1781,ULL,89
1782,ULV,97
1783,UMB,27
1784,UNI,148
1785,UPH,184
1786,UPL,159
1787,UPM,181
1788,UPT,175
1789,UPW,68
1790,URM,157
1791,UTT,153
1792,UWL,179
1793,VIC,207
1794,VIR,190
1795,VXH,207
1796,WAC,165
1797,WAD,165
1798,WAE,207
1799,WAL,203
1800,WAM,118
1801,WAN,190
1802,WAO,149
1803,WAR,174
1804,WAS,172
1805,WAT,207
1806,WAV,150
1807,WAW,167
1808,WBC,147
1809,WBD,112
1810,WBL,148
1811,WBO,200
1812,WBP,183
1813,WBQ,166
1814,WBR,130
1815,WBY,208
1816,WCB,183
1817,WCF,161
1818,WCH,169
1819,WCM,28
1820,WCP,195
1821,WCX,174
1822,WCY,184
1823,WDB,29
1824,WDD,20
1825,WDE,148
1826,WDH,142
1827,WDM,87
1828,WDN,128
1829,WDO,184
1830,WDS,128
1831,WDT,181
1832,WDU,184
1833,WEA,183
1834,WED,166
1835,WEE,127
1836,WEH,180
1837,WEL,53
1838,WEM,156
1839,WET,127
1840,WEY,68
1841,WFH,206
1842,WFI,29
1843,WFJ,210
1844,WFL,45
1845,WFN,205
1846,WGA,114
1847,WGC,173
1848,WGN,158
1849,WGR,179
1850,WGT,66
1851,WGV,177
1852,WGW,158
1853,WHA,127
1854,WHC,175
1855,WHD,184
1856,WHE,124
1857,WHG,137
1858,WHI,123
1859,WHL,174
1860,WHM,49
1861,WHN,155
1862,WHP,177
1863,WHR,170
1864,WHS,179
1865,WHY,179
1866,WIC,172
1867,WID,167
1868,WIH,174
1869,WIJ,182
1870,WIL,134
1871,WIM,203
1872,WIN,165
1873,WIV,127
1874,WKD,157
1875,WKF,128
1876,WKG,31
1877,WKI,146
1878,WKK,128
1879,WKM,188
1880,WLC,172
1881,WLD,158
1882,WLE,63
1883,WLF,157
1884,WLG,146
1885,WLI,177
1886,WLN,132
1887,WLO,150
1888,WLS,141
1889,WLT,180
1890,WLV,146
1891,WLW,173
1892,WLY,141
1893,WMA,164
1894,WMB,181
1895,WMC,96
1896,WMD,25
1897,WME,181
1898,WMG,172
1899,WML,171
1900,WMN,99
1901,WMR,148
1902,WMW,180
1903,WNC,189
1904,WND,187
1905,WNE,165
1906,WNF,201
1907,WNH,183
1908,WNM,88
1909,WNN,114
1910,WNP,179
1911,WNR,182
1912,WNS,188
1913,WNT,199
1914,WNW,184
1915,WNY,154
1916,WOB,178
1917,WOF,134
1918,WOH,175
1919,WOK,208
1920,WOL,178
1921,WOM,141
1922,WON,127
1923,WOO,77
1924,WOP,134
1925,WOR,88
1926,WOS,134
1927,WPE,182
1928,WPL,195
1929,WRB,128
1930,WRE,156
1931,WRH,151
1932,WRK,127
1933,WRL,67
1934,WRM,77
1935,WRN,21
1936,WRP,96
1937,WRS,103
1938,WRT,25
1939,WRU,176
1940,WRW,96
1941,WRY,189
1942,WSA,150
1943,WSB,99
1944,WSE,155
1945,WSF,192
1946,WSL,148
1947,WSM,88
1948,WSR,163
1949,WST,175
1950,WSU,180
1951,WSW,184
1952,WTB,28
1953,WTC,156
1954,WTE,148
1955,WTG,130
1956,WTH,31
1957,WTI,188
1958,WTM,154
1959,WTN,188
1960,WTO,148
1961,WTR,175
1962,WTS,121
1963,WTT,148
1964,WTY,183
1965,WVF,180
1966,WVH,159
1967,WWA,177
1968,WWC,24
1969,WWD,177
1970,WWI,177
1971,WWL,127
1972,WWO,151
1973,WWR,183
1974,WWW,148
1975,WYB,203
1976,WYE,164
1977,WYL,148
1978,WYM,20
1979,WYT,148
1980,YAE,107
1981,YAL,175
1982,YAT,85
1983,YEO,40
1984,YET,55
1985,YRD,148
1986,YRK,91
1987,YRM,29
1988,YRT,156
1989,YVJ,73
1990,YVP,57
1991,ZCW,180
1992,ZFD,107
1993,ZLW,182
1994,   ,0
1995,ECP,0
1996,HLC,0
1997,HLU,0
1998,FKG,0
1999,FKK,0
2000,GLC,0
2001,GLQ,0
2002,PMH,0
2003,TYL,0
2004,UTY,0
2005,ZAW,0
2006,ZCM,0
2007,ZCO,0
2008,ZHI,0
2009,ZMP,0
2010,ZSV,0
2011,ZTT,0
2012,ZWT,0
2013,ZHJ,0
2014,ARM,0
2015,BKR,0
2016,CAC,0
2017,RGP,0
2018,KVD,0
2019,PYE,0
2020,HOZ,0
2021,HWB,0
2022,BCK,0
2023,CYB,0
2024,HWD,0
2025,HPE,0
2026,PNF,0
2027,BOR,0
2028,HHD,0
2029,TYC,0
2030,VAL,0
2031,RMB,0
2032,AGL,0
2033,BYC,0
2034,BFF,0
2035,CWB,0
2036,DWD,0
2037,GCW,0
2038,NLR,0
2039,LWR,0
2040,PYP,0
2041,RHL,0
2042,TLC,0
2043,LPG,0
2044,BNG,0
2045,DGY,0
2046,LLD,0
2047,LLJ,0
2048,CNW,0
2049,LLF,0
2050,PMW,0
2051,FLN,0
2052,PRT,0
2053,CGW,0
2054,DLG,0
2055,RHO,0
2056,SHT,0
2057,AGV,0
2058,EBB,0
2059,LUA,0
2060,NWP,0
2061,STJ,0
2062,CDT,0
2063,CWM,0
2064,PPL,0
2065,CPW,0
2066,EKB,0
2067,CIM,0
2068,EBK,0
2069,WNG,0
2070,DCT,0
2071,ACY,0
2072,BRY,0
2073,BYD,0
2074,BYI,0
2075,BGN,0
2076,CAD,0
2077,CPH,0
2078,ABE,0
2079,CDB,0
2080,TGS,0
2081,YNW,0
2082,CYS,0
2083,CGN,0
2084,DNS,0
2085,GTN,0
2086,LLN,0
2087,HHL,0
2088,LLS,0
2089,PYC,0
2090,PCD,0
2091,LLY,0
2092,LVT,0
2093,MER,0
2094,MEV,0
2095,MTA,0
2096,DGL,0
2097,FER,0
2098,PEN,0
2099,POR,0
2100,YSR,0
2101,FRW,0
2102,RDR,0
2103,RIA,0
2104,TAF,0
2105,TNP,0
2106,TRE,0
2107,TRF,0
2108,TRH,0
2109,TRB,0
2110,TRY,0
2111,NNP,0
2112,WHT,0
2113,TPN,0
2114,CDF,0
2115,CDQ,0
2116,DMG,0
2117,PPD,0
2118,COY,0
2119,RHI,0
2120,BCG,0
2121,HLL,0
2122,PTB,0
2123,GMG,0
2124,MEW,0
2125,MST,0
2126,WMI,0
2127,CMH,0
2128,ABA,0
2129,PER,0
2130,QYD,0
2131,BGD,0
2132,BHD,0
2133,LNB,0
2134,PGM,0
2135,GFF,0
2136,PLT,0
2137,TIR,0
2138,YSM,0
2139,RHY,0
2140,HNG,0
2141,LLV,0
2142,LLG,0
2143,LNR,0
2144,FFA,0
2145,CMN,0
2146,CLR,0
2147,CUW,0
2148,FYS,0
2149,FGH,0
2150,HVF,0
2151,JOH,0
2152,KGT,0
2153,LAM,0
2154,MRB,0
2155,MFH,0
2156,NAR,0
2157,PMB,0
2158,PMD,0
2159,SDF,0
2160,TEN,0
2161,WTL,0
2162,BYE,0
2163,PNA,0
2164,GWN,0
2165,KWL,0
2166,LLE,0
2167,LLH,0
2168,PBY,0
2169,CYN,0
2170,GTH,0
2171,SUG,0
2172,LLM,0
2173,LNW,0
2174,PTA,0
2175,PYL,0
2176,BAJ,0
2177,BNF,0
2178,DOL,0
2179,LGO,0
2180,NTH,0
2181,SKE,0
2182,BOW,0
2183,SWA,0
2184,LAS,0
2185,LLT,0
2186,LLO,0
2187,KNU,0
2188,AMF,0
2189,LLI,0
2190,LLL,0
2191,PTF,0
2192,PTD,0
2193,PNY,0
2194,SRR,0
2195,TDU,0
2196,TRD,0
2197,GWE,0
2198,AYW,0
2199,BRH,0
2200,CCC,0
2201,PTM,0
2202,PWL,0
2203,BHR,0
2204,LLA,0
2205,LLC,0
2206,PHG,0
2207,TLB,0
2208,LBR,0
2209,TYG,0
2210,PNC,0
2211,CWS,0
2212,FRB,0
2213,LLW,0
2214,MCN,0
2215,NWT,0
2216,TNF,0
2217,TYW,0
2218,WLP,0
2219,AVY,0
2220,DVY,0
2221,ABH,0
2222,BRM,0
2223,CRK,0
2224,DYF,0
2225,HRL,0
2226,LDN,0
2227,PES,0
2228,MFF,0
2229,MFA,0
2230,PRH,0
2231,RUA,0
2232,TAL,0
2233,WXC,0
2234,WRX,0
2235,LMN,0
2236,SOJ,0
2237,RYP,0
2238, ,0
2239,GBG,0
2240,CBD,0
2241,EGY,0
2242,MNS,0
2243,KTR,0
2244,FGW,0
2245,NEG,0
2246,SFI,0
2247,TBR,0
2248,RRN,0
2249,AAT,0
2250,ACN,0
2251,ACH,0
2252,ASS,0
2253,ABC,0
2254,ATT,0
2255,AVM,0
2256,ARD,0
2257,INH,0
2258,BRA,0
2259,CAG,0
2260,CUA,0
2261,DLW,0
2262,DIN,0
2263,FRN,0
2264,FOR,0
2265,FRS,0
2266,GVE,0
2267,GGJ,0
2268,DNO,0
2269,GOL,0
2270,HMS,0
2271,IGD,0
2272,INV,0
2273,KIL,0
2274,KBC,0
2275,KIN,0
2276,KYL,0
2277,LRG,0
2278,LCC,0
2279,MOO,0
2280,NRN,0
2281,NWR,0
2282,PLK,0
2283,ROG,0
2284,SCT,0
2285,STC,0
2286,STF,0
2287,TAI,0
2288,THS,0
2289,WCK,0
2290,DRN,0
2291,DCG,0
2292,CON,0
2293,DAL,0
2294,LHA,0
2295,DBL,0
2296,GLE,0
2297,OBN,0
2298,FOC,0
2299,TAY,0
2300,BLA,0
2301,DKD,0
2302,ING,0
2303,PIT,0
2304,PTH,0
2305,BSU,0
2306,NEW,0
2307,ARG,0
2308,BSL,0
2309,BRO,0
2310,CPA,0
2311,CRR,0
2312,CNR,0
2313,FTW,0
2314,GLF,0
2315,LCL,0
2316,LCS,0
2317,MLG,0
2318,MRR,0
2319,RAN,0
2320,RYB,0
2321,SBR,0
2322,TUL,0
2323,BNV,0
2324,LHE,0
2325,PLN,0
2326,BEL,0
2327,DYC,0
2328,HNT,0
2329,INS,0
2330,INR,0
2331,KEH,0
2332,LAU,0
2333,STN,0
2334,ABD,0
2335,ELG,0
2336,BSI,0
2337,BYL,0
2338,BYF,0
2339,CAN,0
2340,DEE,0
2341,MON,0
2342,ARB,0
2343,MTS,0
2344,AUR,0
2345,GOF,0
2346,BTS,0
2347,CDD,0
2348,CUP,0
2349,DAG,0
2350,INK,0
2351,KGH,0
2352,KDY,0
2353,LDY,0
2354,LCG,0
2355,MNC,0
2356,SPF,0
2357,COW,0
2358,DFE,0
2359,DFL,0
2360,LEU,0
2361,NQU,0
2362,ROS,0
2363,KGE,0
2364,CUH,0
2365,KKN,0
2366,WTA,0
2367,SLA,0
2368,FLD,0
2369,HTW,0
2370,WCL,0
2371,BRC,0
2372,GLT,0
2373,MUB,0
2374,ADW,0
2375,BHG,0
2376,DRM,0
2377,SGL,0
2378,EDB,0
2379,GAL,0
2380,LND,0
2381,NBW,0
2382,WAF,0
2383,PST,0
2384,LSN,0
2385,LVG,0
2386,UHA,0
2387,EDP,0
2388,SOI,0
2389,DUN,0
2390,DAM,0
2391,HYM,0
2392,LIN,0
2393,ANN,0
2394,FRL,0
2395,ADS,0
2396,ADN,0
2397,AUK,0
2398,AYR,0
2399,BSS,0
2400,BRL,0
2401,DLY,0
2402,DMF,0
2403,DNL,0
2404,TWB,0
2405,GIR,0
2406,GLG,0
2407,IRV,0
2408,KMK,0
2409,KLM,0
2410,KWN,0
2411,KRK,0
2412,LAR,0
2413,MAY,0
2414,NCK,0
2415,PTW,0
2416,PRA,0
2417,SLT,0
2418,SQH,0
2419,SDM,0
2420,STV,0
2421,STT,0
2422,STR,0
2423,TRN,0
2424,WKB,0
2425,ASB,0
2426,NOA,0
2427,MUI,0
2428,NIT,0
2429,GEA,0
2430,LOC,0
2431,BPT,0
2432,DUM,0
2433,PLW,0
2434,CDO,0
2435,CKH,0
2436,CKT,0
2437,HLW,0
2438,MPK,0
2439,HKH,0
2440,GRK,0
2441,WDL,0
2442,INP,0
2443,JHN,0
2444,LGB,0
2445,LHW,0
2446,PCN,0
2447,MIN,0
2448,PYJ,0
2449,WNL,0
2450,PTG,0
2451,BGS,0
2452,WMS,0
2453,BRR,0
2454,FTM,0
2455,HLE,0
2456,CDY,0
2457,GKC,0
2458,GKW,0
2459,PYG,0
2460,MTH,0
2461,WSH,0
2462,AIR,0
2463,LWM,0
2464,CLU,0
2465,CRS,0
2466,MEY,0
2467,CTE,0
2468,LNK,0
2469,BLH,0
2470,BLT,0
2471,CEA,0
2472,CUB,0
2473,GRH,0
2474,GRL,0
2475,HNC,0
2476,HNW,0
2477,LRH,0
2478,HLY,0
2479,SHS,0
2480,CBC,0
2481,CBS,0
2482,WFF,0
2483,DRU,0
2484,ADR,0
2485,BAI,0
2486,COA,0
2487,BIO,0
2488,BGI,0
2489,KWD,0
2490,BUI,0
2491,CBL,0
2492,CML,0
2493,KKH,0
2494,NEI,0
2495,NTN,0
2496,PTT,0
2497,UDD,0
2498,WCR,0
2499,CFF,0
2500,MTV,0
2501,WLM,0
2502,RUT,0
2503,BDG,0
2504,DAK,0
2505,BUS,0
2506,CKS,0
2507,EKL,0
2508,GFN,0
2509,CCT,0
2510,CMY,0
2511,MAX,0
2512,XTH,0
2513,PWW,0
2514,PTL,0
2515,HMY,0
2516,THB,0
2517,COI,0
2518,KNS,0
2519,KGP,0
2520,LGS,0
2521,MFL,0
2522,PWE,0
2523,PLE,0
2524,QPK,0
2525,SHL,0
2526,THT,0
2527,SPS,0
2528,HYN,0
2529,CYK,0
2530,ALX,0
2531,BHC,0
2532,DLR,0
2533,DBC,0
2534,RTN,0
2535,DBE,0
2536,LBT,0
2537,CRF,0
2538,CMO,0
2539,ALO,0
2540,STG,0
2541,BEA,0
2542,EST,0
2543,BLG,0
2544,CAY,0
2545,CKY,0
2546,SLS,0
2547,GAR,0
2548,AXP,0
2549,DST,0
2550,HST,0
2551,CHC,0
2552,EXG,0
2553,EBV,0
2554,LTH,0
2555,PTK,0
2556,NBE,0
2557,RCA,0
2558,ROR,0
2559,LLR,0
2560,PMT,0
2561,BCN,0
2562,BBG,0
2563,CRO,0
2564,ASF,0
2565,LNZ,0
2566,GSC,0
2567,MYH,0
2568,PPK,0
2569,SUM,0
2570,KPT,0
2571,AGS,0
2572,AUI,0
2573,ART,0
2574,AND,0
2575,BRN,0
2576,DFR,0
2577,BWG,0
2578,CDR,0
2579,CGD,0
2580,GCH,0
2581,ANL,0
2582,BNL,0
2583,GRS,0
2584,HLF,0
2585,MLN,0
2586,SIN,0
2587,YOK,0
2588,DMR,0
2589,DMY,0
2590,DMC,0
2591,JOR,0
2592,SCH,0
2593,SPR,0
2594,WES,0
2595,XDX,0
2596,XEA,0
2597,XEQ,0
2598,XAF,0
2599,XDY,0
2600,XEE,0
2601,CPG,0
2602,WCT,0
2603,XRD,0
2604,XAO,0
2605,XBR,0
2606,XCU,0
2607,XDH,0
2608,XAE,0
2609,XDC,0
2610,XAV,0
2611,XCL,0
2612,XAS,0
2613,WBE,0
2614,PDT,0
2615,XAH,0
2616,XCV,0
2617,XAP,0
2618,XAW,0
2619,XCG,0
2620,BUA,0
2621,XBW,0
2622,XAQ,0
2623,XBH,0
2624,XBD,0
2625,XDI,0
2626,XAI,0
2627,XDA,0
2628,HUS,0
2629,XEF,0
2630,XPB,0
2631,XPX,0
2632,XCF,0
2633,BDC,0
2634,DUO,0
2635,RTY,0
2636,XAA,0
2637,MLS,0
2638,EAS,0
2639,DUU,0
2640,BPO,0
2641,LPO,0
2642,XOF,0
2643,LJL,0
2644,XKW,0
2645,YMH,0
2646,XCQ,0
2647,SAO,0
2648,WTW,0
2649,ECW,0
2650,FAX,0
2651,CRZ,0
2652,EDA,0
2653,XLB,0
2654,SFF,0
2655,XYX,0
2656,MTE,0
2657,RHA,0
2658,SIB,0
2659,BFB,0
2660,GOP,0
2661,KWR,0
2662,BFA,0
2663,BFC,0
